id,doc_id,document_type,label,made_public_date,org,number_value,rm,status,sub_title,sub_type,temp_label,title,role_description,person_reference_id,reference_name,party_short_code,order_number
1915330,H502108,mot,108,2017-09-19,TU,108,2017/18,Klar,av Jimmy Ståhl (SD),Enskild motion,SD,Parkeringsbot,UNDERTECKNARE,0170585430421,Jimmy Ståhl,SD,1
227769,GQ02K358,mot,K358,2002-10-23,KU,358,2002/03,"",av Anneli Särnblad Stoors m.fl. (s),Enskild motion,s26055,Demokratifrågor,UNDERTECKNARE,0634122058105,Per Erik Granström,S,2
2454578,GT02MJ592,mot,MJ592,2005-10-05,MJU,592,2005/06,Trycklov,"av Maria Wetterstrand m.fl. (mp, -)",Partimotion,mp503,Kemikalier och folkhälsa,UNDERTECKNARE,0332753845811,Yvonne Ruwaida,MP,14
905506,GS02Ub325,mot,Ub325,2004-10-02,UbU,325,2004/05,Trycklov,av Birgitta Sellén och Annika Qarlsson (c),Enskild motion,c625,Idrott på flickors villkor,UNDERTECKNARE,0962841101917,Annika Qarlsson,C,2
2065579,H5021002,mot,1002,2017-10-02,TU,1002,2017/18,Klar,av Lars Beckman (M),Enskild motion,M1980,Utbyggnad av E4 mellan Gävle och Söderhamn,UNDERTECKNARE,0588282566419,Lars Beckman,M,1
2658368,GU02Ub286,mot,Ub286,2006-11-01,UbU,286,2006/07,Trycklov,av Johan Pehrson (fp),Enskild motion,fp1614,Retorik i skolan,UNDERTECKNARE,0224712677012,Johan Pehrson,L,1
217823,GP02So234,mot,So234,2001-10-05,SoU,234,2001/02,"",av Marietta de Pourbaix-Lundin (m),Enskild motion,m1229,Patients rätt till läkarutlåtande,UNDERTECKNARE,0125165702713,Marietta de Pourbaix-Lundin,M,1
1551457,H002Sf378,mot,Sf378,2013-01-08,SfU,378,2012/13,Ank T,av Börje Vestlund m.fl. (S),Enskild motion,S9009,Rättvisa villkor för migrantarbetare,UNDERTECKNARE,0689360934600,Sven Britton,S,6
216695,GN02Fi4,mot,Fi4,2000-02-09,FiU,4,1999/2000,"",av Britt Bohlin m.fl. (s),-,s0,med anledning av prop. 1999/2000:46 AP-fonden i det reformerade pensionssystemet,UNDERTECKNARE,0766285636614,Kjell Nordström ,S,2
2084838,HD022215,mot,2215,2025-10-03,SoU,2215,2025/26,Hänvisad,av Ann-Sofie Lifvenhage (M),Enskild motion,2056,Registerutdrag för arbete i äldreomsorg och hemtjänst,UNDERTECKNARE,0838085832923,Ann-Sofie Lifvenhage,M,1
2456028,HC021544,mot,1544,2024-10-02,CU,1544,2024/25,Klar,av Jennie Nilsson m.fl. (S),Kommittémotion,"",med anledning av prop. 2024/25:8 Bolag och brott,UNDERTECKNARE,0466653728712,Denis Begic,S,4
547803,GP02Sk41,mot,Sk41,2002-05-02,SkU,41,2001/02,"",av Carl Fredrik Graf m.fl. (m),Kommittémotion,m338,med anledning av prop. 2001/02:140 Begränsning av rätten till avdrag för kapitalförluster i inkomstslaget näringsverksamhet  på delägarrätter och på andelar i svenska och utländska handelsbolag m.m.,UNDERTECKNARE,0354810740804,Carl Erik Hedlund,M,2
1369461,GX02A277,mot,A277,2009-10-02,AU,277,2009/10,Ank T,av Ulrika Karlsson i Uppsala (m),Enskild motion,m1594,Arbetsmiljöverkets implementering av EU-direktiv,UNDERTECKNARE,0397924710612,Ulrika Karlsson i Uppsala,M,1
913920,GO02A238,mot,A238,2000-10-05,AU,238,2000/01,"",av Ann-Kristine Johansson och Helena Zakariasén (s),Enskild motion,s26026,Arbetslivspolitiken,UNDERTECKNARE,0874331493311,Helena Zakariasén,S,2
1600804,GX02Sf400,mot,Sf400,2009-10-06,SfU,400,2009/10,Ank T,av Anne Ludvigsson m.fl. (s),Enskild motion,s38065,Ökat stöd till ensamstående,UNDERTECKNARE,0362924695201,Birgitta Eriksson,S,2
1624006,H202658,mot,658,2014-11-06,KrU,658,2014/15,Klar,av Said Abdu (FP),Enskild motion,FP9137,Värna folkbildning och folkrörelser,UNDERTECKNARE,0173210620224,Said Abdu,L,1
2389342,HB022669,mot,2669,2023-10-05,JuU,2669,2023/24,Klar,av Märta Stenevi m.fl. (MP),Partimotion,1003,Rättspolitik,UNDERTECKNARE,0504851635310,Daniel Helldén,MP,12
2368731,H5022820,mot,2820,2017-10-04,MJU,2820,2017/18,Klar,av Jan Björklund m.fl. (L),Partimotion,L,En liberal klimat- och miljöpolitik,UNDERTECKNARE,0116759114313,Bengt Eliasson,L,9
2468471,HC021926,mot,1926,2024-10-03,SfU,1926,2024/25,Klar,av Isabell Mixter m.fl. (V),Kommittémotion,211,En starkare ekonomisk familjepolitik,UNDERTECKNARE,0246927519019,Karin Rågsjö,V,5
2637939,GU02Ub421,mot,Ub421,2006-10-31,UbU,421,2006/07,Trycklov,av Anders Ygeman m.fl. (s),Enskild motion,s21003,"Högskola i Farsta, Skärholmen, Vällingby och Tensta ",UNDERTECKNARE,0882001830516,Carin Jämtin,S,3
2626097,HB021089,mot,1089,2023-10-03,MJU,1089,2023/24,Klar,av Markus Wiechel och Victoria Tiblom (båda SD),Enskild motion,SD,Förbud mot vilda djur på cirkus och valar i fångenskap,UNDERTECKNARE,0985943148917,Victoria Tiblom,SD,2
236513,GO032,prop,2,2000-10-24,UD,2,2000/01,digitaliserad,"",prop,"",Att förebygga väpnade konflikter,,,,,
132119,GP02Ju388,mot,Ju388,2001-10-05,JuU,388,2001/02,"",av Gudrun Schyman m.fl. (v),Partimotion,v903,Integritet,UNDERTECKNARE,0111536149811,Owe Hellberg,V,6
2439429,GY02K296,mot,K296,2010-10-26,KU,296,2010/11,Ank T,av Peter Persson (S),Enskild motion,S32033,Partisymboler på valsedlarna,UNDERTECKNARE,0903307301618,Peter Persson,S,1
1705927,HD023741,mot,3741,2025-10-07,MJU,3741,2025/26,Klar,av Helena Lindahl m.fl. (C),Kommittémotion,"","​​Utgiftsområde 23 Areella näringar, landsbygd och livsmedel​",UNDERTECKNARE,0132818093422,Rickard Nordin,C,3
1907669,HC021792,mot,1792,2024-10-03,NU,1792,2024/25,Klar,av Linnéa Wickman m.fl. (S),Enskild motion,639,Sveriges elnätskapacitet och elproduktion,UNDERTECKNARE,0456522027421,Linnéa Wickman,S,1
92090,GP02Ju225,mot,Ju225,2001-10-05,JuU,225,2001/02,"",av Sofia Jonsson (c),Enskild motion,c342,Åtgärder mot trafficking,UNDERTECKNARE,0287864972117,Sofia Jonsson,C,1
2309298,H4023145,mot,3145,2016-10-05,CU,3145,2016/17,Klar,av Ewa Thalén Finné m.fl. (M),Kommittémotion,M202,"Utgiftsområde 18 Samhällsplanering, bostadsförsörjning och byggande samt konsumentpolitik ",UNDERTECKNARE,0861447317415,Thomas Finnborg,M,4
1642921,H2021634,mot,1634,2014-11-07,SoU,1634,2014/15,Klar,av Gunilla Nordgren (M),Enskild motion,M1873,Nationella riktlinjer för socialtjänsten vid fosterhemsplaceringar ,UNDERTECKNARE,0192918410514,Gunilla Nordgren,M,1
176093,GQ02U266,mot,U266,2002-10-23,UU,266,2002/03,"",av Cecilia Nilsson Wigström m.fl. (fp),Kommittémotion,fp134,Kuba,UNDERTECKNARE,0980725315516,Lars Leijonborg,L,6
2111065,HD022139,mot,2139,2025-10-03,SoU,2139,2025/26,Hänvisad,av Sten Bergheden (M),Enskild motion,1019,TBE-vaccin i det allmänna vaccinationsprogrammet,UNDERTECKNARE,0828721176319,Sten Bergheden,M,1
181702,GS01MJU3,bet,MJU3,2006-03-15,MJU,3,2004/05,"","","","","En   svensk  strategi  för  hållbar  utveckling  -ekonomisk, social och miljömässig",,,,,
2535850,GX02Ub418,mot,Ub418,2009-10-05,UbU,418,2009/10,Ank T,av Marie Nordén m.fl. (s),Enskild motion,s3078,Trafikkunskap i skolan,UNDERTECKNARE,0767503635911,Désirée Liljevall,S,5
2051135,H5021610,mot,1610,2017-10-03,KrU,1610,2017/18,Klar,av Aron Emilsson m.fl. (SD),Kommittémotion,SD292,Drömmen om en sammanhållen filmpolitik ,UNDERTECKNARE,0930305890123,Sara-Lena Bjälkö,SD,3
453966,GQ02L237,mot,L237,2002-10-23,LU,237,2002/03,"",av Per Rosengren m.fl. (v),Kommittémotion,v960,Särkullbarns rätt till att få ut arv,UNDERTECKNARE,0548089226618,Mats Einarsson,V,2
1740965,GT02Fi205,mot,Fi205,2005-09-23,FiU,205,2005/06,Trycklov,av Ola Sundell (m),Enskild motion,m1298,Skatteutjämnning,UNDERTECKNARE,0599736947819,Ola Sundell,M,1
2604770,HD021103,mot,1103,2025-10-02,CU,1103,2025/26,Hänvisad,av Ulrika Heie (C),Enskild motion,"",Arvode till vigselförrättare,UNDERTECKNARE,0836001490919,Ulrika Heie,C,1
2592126,H5023990,mot,3990,2018-02-15,SoU,3990,2017/18,Klar,av Camilla Waltersson Grönvall m.fl. (M),Kommittémotion,M157,med anledning av prop. 2017/18:83 Styrande principer inom hälso- och sjukvården och en förstärkt vårdgaranti,UNDERTECKNARE,0721657655513,Finn Bengtsson,M,5
2057279,H3022550,mot,2550,2015-10-06,UbU,2550,2015/16,Klar,av Angelika Bengtsson m.fl. (SD),Kommittémotion,SD430,Scenkonst,UNDERTECKNARE,0138741628520,Angelika Bengtsson,SD,1
1498114,GZ0322,prop,22,2011-10-19,Ju,22,2011/12,hämtad_2,"",prop,"",Fortsatt giltighet av de tidsbegränsade lagarna om hemliga tvångsmedel,,,,,
205173,GR03161d2,prop,161,2004-06-02,S,161,2003/04,hämtad_2,"",prop,d2,Alkoholpolitiska frågor,,,,,
1820403,GU02MJ389,mot,MJ389,2006-11-23,MJU,389,2006/07,Trycklov,av Betty Malmberg och Gunnar Axén (m),Enskild motion,m1317,Förlängd agronomutbildning,UNDERTECKNARE,0782242286018,Gunnar Axén,M,2
2668021,H302747,mot,747,2015-10-02,KrU,747,2015/16,Klar,av Rossana Dinamarca m.fl. (V),Kommittémotion,V572,Idrott och genus,UNDERTECKNARE,0415959965211,Mia Sydow Mölleby,V,7
215332,GY02So578,mot,So578,2010-10-27,SoU,578,2010/11,Ank T,av Eva Olofsson m.fl. (V),Kommittémotion,V577,Alkoholreklam,UNDERTECKNARE,0545353563812,Amineh Kakabaveh,V,4
1533412,GY02C8,mot,C8,2011-06-16,CU,8,2010/11,Ank T,"av Veronica Palm m.fl. (S, MP, V)",Flerpartimotion,-S12001,med anledning av prop. 2010/11:149 Avgifter enligt lagen om ansvar och ersättning vid radiologiska olyckor,UNDERTECKNARE,0515990253512,Yilmaz Kerimo,S,6
2624588,HB021719,mot,1719,2023-10-04,MJU,1719,2023/24,Klar,av Johan Büser (S),Enskild motion,S2037,Arbetet för klimatanpassning,UNDERTECKNARE,0877778793323,Johan Büser,S,1
2011394,H3022174,mot,2174,2015-10-06,UU,2174,2015/16,Klar,av Anna Kinberg Batra m.fl. (M),Partimotion,M025,Säkerhet i en orolig omvärld,UNDERTECKNARE,0607691439013,Karin Enström,M,7
2391166,GY02MJ323,mot,MJ323,2010-10-26,MJU,323,2010/11,Ank T,av Jörgen Hellman och Christina Zedell (S),Enskild motion,S28000,Transfetter och palmolja i matvaror,UNDERTECKNARE,0781520322912,Jörgen Hellman,S,1
781388,GO02T546,mot,T546,2000-10-05,TU,546,2000/01,"",av Jan Backman och Anna Åkerhielm (m),Enskild motion,m816,Europa- och Götalandsbanan,UNDERTECKNARE,0475634300704,Anna Åkerhielm,M,2
1839182,GT02Sf17,mot,Sf17,2005-12-15,SfU,17,2005/06,Trycklov,av Birgitta Carlsson m.fl. (c),Kommittémotion,c163,med anledning av prop. 2005/06:20 Delat barnbidrag vid växelvis boende m.m.,UNDERTECKNARE,0273732267214,Jan Andersson,C,4
1421846,GX02N280,mot,N280,2009-10-06,NU,280,2009/10,Ank T,av Ronny Olander m.fl. (s),Enskild motion,s32073,Biogas,UNDERTECKNARE,0165360915617,Christer Adelsbo,S,3
2030541,H4022149,mot,2149,2016-10-05,SoU,2149,2016/17,Klar,av Håkan Bergman och Matilda Ernkrans (båda S),Enskild motion,S5050,Tidiga insatser för barn och unga som lider av psykisk ohälsa ,UNDERTECKNARE,0299937536814,Håkan Bergman,S,1
945067,GO02U212,mot,U212,2000-10-05,UU,212,2000/01,"",av Marianne Andersson m.fl. (c),Kommittémotion,c113,Internationellt bistånd,UNDERTECKNARE,0183788551910,Åsa Torstensson,C,7
1875651,GT02Ju57,mot,Ju57,2006-04-18,JuU,57,2005/06,Trycklov,av Leif Björnlod m.fl. (mp),Kommittémotion,mp034,med anledning av prop. 2005/06:178 Hemlig rumsavlyssning,UNDERTECKNARE,0238588409223,Gustav Fridolin,MP,2
2372172,HB022085,mot,2085,2023-10-05,TU,2085,2023/24,Klar,av Mattias Eriksson Falk och Roger Hedlund (båda SD),Enskild motion,SD,Höjd hastighetsgräns för personbil med släp,UNDERTECKNARE,0671571847522,Mattias Eriksson Falk,SD,1
1866329,H102A344,mot,A344,2014-01-13,AU,344,2013/14,Ank T,av Christer Adelsbo m.fl. (S),Enskild motion,S25064,Sociala företag för matchning till jobb vid tillväxtsatsningar ,UNDERTECKNARE,0251564185908,Kerstin Engle,S,2
2449056,HC021902,mot,1902,2024-10-03,KrU,1902,2024/25,Klar,av Anders Ådahl (C),Enskild motion,"",Utveckling av kultursamverkansmodellen för ökat kulturellt genomslag i hela landet,UNDERTECKNARE,0837394708917,Anders Ådahl,C,1
327000,GR02L343,mot,L343,2003-10-07,LU,343,2003/04,"",av Ulf Holm och Gustav Fridolin (mp),Enskild motion,mp720,Konsumenträtt vid offentlig verksamhet,UNDERTECKNARE,0238588409223,Gustav Fridolin,MP,2
175654,GQ02T319,mot,T319,2002-10-23,TU,319,2002/03,"",av Mona Jönsson (mp),Enskild motion,mp853,Obligatoriskt fritidsbåtsregister,UNDERTECKNARE,0597915398712,Mona Jönsson,MP,1
1854792,GU02Ju298,mot,Ju298,2006-11-17,JuU,298,2006/07,Trycklov,av Andreas Norlén (m),Enskild motion,m1377,Preskriptionstiden för mord och vissa andra grova brott,UNDERTECKNARE,0585684563812,Andreas Norlén,M,1
2654294,H302204,mot,204,2015-09-30,AU,204,2015/16,Klar,av Birgitta Ohlsson m.fl. (FP),Enskild motion,FP2013,Höjd ålder för rätten att vara kvar i arbetslivet,UNDERTECKNARE,0404025497421,Birgitta Ohlsson,L,1
2488584,GW02So9,mot,So9,2009-01-16,SoU,9,2008/09,Ank T,av Anne Ludvigsson m.fl. (s),Enskild motion,s8150,med anledning av prop. 2008/09:74 Vårdval i primärvården,UNDERTECKNARE,0878075468027,Hillevi Larsson,S,3
296251,GQ02Ub295,mot,Ub295,2002-10-23,UbU,295,2002/03,"",av Cristina Husmark Pehrsson och Anne Marie Brodén (m),Enskild motion,m1320,Skolpeng,UNDERTECKNARE,0652944607906,Cristina Husmark Pehrsson,M,1
945437,GP02T387,mot,T387,2001-10-05,TU,387,2001/02,"",av Agne Hansson m.fl. (c),Enskild motion,c453,Bilfärjelinje mellan Öland och Gotland,UNDERTECKNARE,0928964569700,Margareta Andersson,C,4
2391322,GZ02Sf322,mot,Sf322,2011-10-05,SfU,322,2011/12,Ank T,av Helén Pettersson i Umeå m.fl. (S),Enskild motion,S21161,Kvinnors situation i sjukförsäkringen,UNDERTECKNARE,0251617324715,Katarina Köhler,S,4
1952006,H2022664,mot,2664,2014-11-10,SoU,2664,2014/15,Klar,av Cecilia Widegren m.fl. (M),Kommittémotion,M138,Svensk hälso- och sjukvård ,UNDERTECKNARE,0721657655513,Finn Bengtsson,M,3
702706,GT02Sk334,mot,Sk334,2005-09-29,SkU,334,2005/06,Trycklov,av Birgitta Carlsson och Rigmor Stenmark (c),Enskild motion,c348,Avdragsrätt för bidrag till ideella ändamål,UNDERTECKNARE,0673622610409,Birgitta Carlsson,C,1
2498379,GZ02K369,mot,K369,2011-10-05,KU,369,2011/12,Ank T,av Christer Engelhardt m.fl. (S),Enskild motion,S36043,Tolkning av sekretessbestämmelser,UNDERTECKNARE,0573136138218,Krister Örnfjäder,S,11
492092,GS02N363,mot,N363,2004-10-04,NU,363,2004/05,Trycklov,av Jörgen Johansson (c),Enskild motion,c373,Etanolframställning i Köping,UNDERTECKNARE,0284604377408,Jörgen Johansson,C,1
2196931,H4021934,mot,1934,2016-10-05,UbU,1934,2016/17,Klar,av Staffan Danielsson (C),Enskild motion,C,Arbetsmiljö i skolan,UNDERTECKNARE,0352254228107,Staffan Danielsson,C,1
1848106,GU02U234,mot,U234,2006-11-01,UU,234,2006/07,Trycklov,av Gunilla Wahlén m.fl. (v),Kommittémotion,v351,Utarmat uran,UNDERTECKNARE,0814945477312,Gunilla Wahlén,V,1
265828,GR02Fö244,mot,Fö244,2003-10-07,FöU,244,2003/04,"",av Rigmor Stenmark (c),Enskild motion,c656,F 16 i Uppsala,UNDERTECKNARE,0462541496508,Rigmor Stenmark,C,1
913107,GR02Fi307,mot,Fi307,2003-10-07,FiU,307,2003/04,"",av Per Landgren m.fl. (kd),Kommittémotion,kd329,Inkomstskatt,UNDERTECKNARE,0363608290410,Per Landgren,KD,1
494457,GP02Kr417,mot,Kr417,2001-10-05,KrU,417,2001/02,"",av Inger Davidson m.fl. (kd),Kommittémotion,kd400,"Arkiv, bibliotek och museer",UNDERTECKNARE,0331967573912,Maria Larsson,KD,10
555728,GP02L266,mot,L266,2001-10-05,LU,266,2001/02,"",av Ulf Nilsson (fp),Enskild motion,fp516,Barnens rätt till båda föräldrarna,UNDERTECKNARE,0542573140300,Ulf Nilsson,L,1
1812226,GU02MJ228,mot,MJ228,2006-10-31,MJU,228,2006/07,Ank T,av Jörgen Johansson och Åke Sandström (c),Enskild motion,c415,Eftersök av trafikskadat vilt,UNDERTECKNARE,0590881101608,Åke Sandström,C,2
1560527,H002Ju377,mot,Ju377,2013-01-21,JuU,377,2012/13,Ank T,av Christer Engelhardt m.fl. (S),Enskild motion,S7044,Ersättning och uppdraget som nämndeman,UNDERTECKNARE,0540190357911,Hans Hoff,S,6
458440,GQ02L270,mot,L270,2002-10-23,LU,270,2002/03,"",av Mikael Oscarsson (kd),Enskild motion,kd710,Umgängessabotage i vårdnadstvister,UNDERTECKNARE,0973782197017,Mikael Oscarsson,KD,1
318026,GS02Fi10,mot,Fi10,2005-04-01,FiU,10,2004/05,Trycklov,av Mikael Odenberg m.fl. (m),Kommittémotion,m215,med anledning av skr. 2004/05:93 Redovisning av regeringens insatser för barn och unga i statsbudgeten för år 2005,UNDERTECKNARE,0475092656901,Lennart Hedquist,M,6
408239,GS02MJ216,mot,MJ216,2004-09-24,MJU,216,2004/05,Trycklov,av Chatrine Pålsson (kd),Enskild motion,kd585,Svensk kycklingnäring,UNDERTECKNARE,0377384542907,Chatrine Pålsson,KD,1
1875356,GT02So17,mot,So17,2006-02-01,SoU,17,2005/06,Trycklov,av Erik Ullenhag m.fl. (fp),Kommittémotion,fp1277,med anledning av prop. 2005/06:60 Nationell strategi mot hiv/aids och vissa andra smittsamma sjukdomar,UNDERTECKNARE,038604236714,Mia Franzén,L,4
2543302,HC021318,mot,1318,2024-10-01,CU,1318,2024/25,Klar,av Katarina Luhr m.fl. (MP),Kommittémotion,2015,Ett va-system för nutid och framtid,UNDERTECKNARE,0469084171710,Ulrika Westerlund,MP,3
691625,GS02L326,mot,L326,2004-10-04,LU,326,2004/05,Trycklov,"av Runar Patriksson m.fl. (fp, m, kd, c)",Flerpartimotion,-kd616,Köp av egna aktier i onoterade företag,UNDERTECKNARE,0782713019602,Holger Gustafsson,KD,5
1827668,HC022521,mot,2521,2024-10-03,TU,2521,2024/25,Klar,av Maria Stockhaus m.fl. (M),Enskild motion,1531,Direktflyg från EU till Nepal,UNDERTECKNARE,0932000030511,Maria Stockhaus,M,1
1819535,H102N370,mot,N370,2014-01-13,NU,370,2013/14,Ank T,av Isak From m.fl. (S),Enskild motion,S25117,Ett system för entreprenörer och innovatörer som skapar intäkter och arbetstillfällen i Sverige,UNDERTECKNARE,0767503635911,Désirée Liljevall,S,4
2687007,HB021243,mot,1243,2023-10-04,NU,1243,2023/24,Klar,av Martina Johansson (C),Enskild motion,C,Mer solenergi,UNDERTECKNARE,033935884729,Martina Johansson,C,1
2453668,H102So609,mot,So609,2013-10-07,SoU,609,2013/14,Ank T,av Thomas Strand m.fl. (S),Enskild motion,S19131,Antidopningscenter,UNDERTECKNARE,0781520322912,Jörgen Hellman,S,9
1904069,HC022519,mot,2519,2024-10-03,MJU,2519,2024/25,Klar,av Stina Larsson m.fl. (C),Kommittémotion,"",Cirkulär ekonomi och kemikalier,UNDERTECKNARE,0602744999917,Elisabeth Thand Ringqvist,C,6
2749013,H30350,prop,50,2015-11-25,Justitiedepartementet,50,2015/16,Hänvisad,"",skr,"",Riksrevisionens rapport om regeringens styrning av SOS Alarm,,0218878014918,Stefan Löfven,S,1
2535450,GX02Ub424,mot,Ub424,2009-10-05,UbU,424,2009/10,Ank T,av Ann-Christin Ahlberg m.fl. (s),Enskild motion,s15022,Fler vuxna i skolan,UNDERTECKNARE,0747667590310,Marina Pettersson,S,9
2568461,H20372,prop,72,2015-03-10,Socialdepartementet,72,2014/15,Hänvisad,"",skr,"",Riksrevisionens rapport om primärvårdens styrning,,0551169456620,Gabriel Wikström,S,1
1607114,H202309,mot,309,2014-11-05,FöU,309,2014/15,Klar,av Lars-Arne Staxäng (M),Enskild motion,M1153,Ökad framkomlighet för utryckningsfordon genom ett nationellt låssystem för vägbommar,UNDERTECKNARE,0718937995813,Lars-Arne Staxäng,M,1
2061127,H4022165,mot,2165,2016-10-05,UbU,2165,2016/17,Klar,av Susanne Eberstein (S),Enskild motion,S4021,Utbildningsplatser vid juristprogrammet,UNDERTECKNARE,0235974887200,Susanne Eberstein,S,1
2606018,GZ02T274,mot,T274,2011-10-03,TU,274,2011/12,Ank T,av Hans Rothenberg och Lars Hjälmered (M),Enskild motion,M759,Stärkande av den svenska sjöfartsnäringen,UNDERTECKNARE,0980316377627,Lars Hjälmered,M,2
757991,GT02Ub501,mot,Ub501,2005-10-03,UbU,501,2005/06,Trycklov,av Inger Davidson m.fl. (kd),Enskild motion,kd909,Student i Stockholms län,UNDERTECKNARE,0820673454606,Inger Davidson,KD,1
1664297,H102T16,mot,T16,2014-06-10,TU,16,2013/14,"",av Anders Ygeman m.fl. (S),Kommittémotion,S9008,med anledning av skr. 2013/14:233 Åtgärdsplanering för transportsystemet 2014–2025,UNDERTECKNARE,0427321850912,Lars Mejern Larsson,S,7
2234461,H3022562,mot,2562,2015-10-06,CU,2562,2015/16,Klar,av Finn Bengtsson och Sofia Fölster (båda M),Enskild motion,M1430,Systemet med ställföreträdare,UNDERTECKNARE,0914002106327,Sofia Fölster,M,2
1883553,GX02C492,mot,C492,2009-10-06,CU,492,2009/10,Ank T,av Carina Moberg m.fl. (s),Kommittémotion,s83007,"Utgiftsområde 18 Samhällsplanering, bostadsförsörjning, byggande samt konsumentpolitik",UNDERTECKNARE,0103812031214,Gunnar Sandberg,S,4
864159,H101KU42,bet,KU42,2014-06-09,KU,42,2013/14,DokTextExtraktor,"",bet,"",Olovlig hantering av avkodningsutrustning,,,,,
944122,GR02Ju465,mot,Ju465,2003-10-07,JuU,465,2003/04,"",av Johan Pehrson m.fl. (fp),Kommittémotion,fp146,Polisväsendet,UNDERTECKNARE,0224712677012,Johan Pehrson,L,1
2024239,H201MJU12,bet,MJU12,2015-01-28,MJU,12,2014/15,Webbpublicering,"",bet,"",Naturvård och biologisk mångfald,,,,,
2691434,GW01FiU38,bet,FiU38,2009-06-04,FiU,38,2008/09,"","",bet,"","Gränsöverskridande fusioner för finansiella företag, m.m.",,,,,
488621,GO01FiU2,bet,FiU2,2002-09-12,FiU,2,2000/01,saknas,"","","",Utgiftsområde 2 Samhällsekonomi och finansförvaltning,,,,,
741605,GQ02Sf342,mot,Sf342,2002-10-23,SfU,342,2002/03,"",av Sten Tolgfors m.fl. (m),Enskild motion,m104,"Ekonomisk trygghet för familjer och barn, utgiftsområde 12",UNDERTECKNARE,0607691439013,Karin Enström,M,7
2570624,GX02Sk423,mot,Sk423,2009-10-05,SkU,423,2009/10,Ank T,av Thomas Strand m.fl. (s),Enskild motion,s30000,Olika skattesatser för löntagare och pensionärer,UNDERTECKNARE,0617957067613,Helene Petersson i Stockaryd,S,4
868285,GY02Kr323,mot,Kr323,2010-10-27,KrU,323,2010/11,Ank T,av Hannah Bergstedt m.fl. (S),Enskild motion,S71054,Hbt och kultur,UNDERTECKNARE,0264838147315,Catharina Bråkenhielm,S,4
525043,GP02K426,mot,K426,2001-10-05,KU,426,2001/02,"",av Alf Svensson m.fl. (kd),Partimotion,kd331,Europas framtidsfrågor,UNDERTECKNARE,0331967573912,Maria Larsson,KD,6
1658429,H202932,mot,932,2014-11-06,FiU,932,2014/15,Klar,av Matilda Ernkrans och Sara Karlsson (S),Enskild motion,S6095,Hållbar livsmedelsupphandling,UNDERTECKNARE,0114869877121,Sara Karlsson,S,2
768785,GO02T419,mot,T419,2000-10-05,TU,419,2000/01,"",av Per-Richard Molén m.fl. (m),Kommittémotion,m1052,Trafikhuvudmannareformen,UNDERTECKNARE,0905755961314,Lars Elinderson,M,6
2596342,H002Kr203,mot,Kr203,2012-09-21,KrU,203,2012/13,Ank T,av Annika Eclund (KD),Enskild motion,KD561,Skapande skola även i förskolan,UNDERTECKNARE,0480339311713,Annika Eclund,KD,1
1733882,HC023161,mot,3161,2024-10-04,UbU,3161,2024/25,Klar,av Muharrem Demirok m.fl. (C),Partimotion,"",En skola för kunskap och livsresor,UNDERTECKNARE,0440673458216,Ulrika Liljeberg,C,17
2232073,H4021659,mot,1659,2016-10-04,AU,1659,2016/17,Klar,av Krister Örnfjäder m.fl. (S),Enskild motion,S18019,Ändrad utformning av arbetslöshetsersättningen för deltidsarbetslösa,UNDERTECKNARE,0958776965517,Lennart Axelsson,S,6
1596333,GT02Bo9,mot,Bo9,2006-02-22,BoU,9,2005/06,Trycklov,av Lars Tysklind m.fl. (fp),Kommittémotion,fp1288,med anledning av prop. 2005/06:78 Allmänna vattentjänster,UNDERTECKNARE,0691468495629,Axel Darvik,L,5
1756765,H2021685,mot,1685,2014-11-07,KU,1685,2014/15,Klar,av Anders Schröder m.fl. (MP),Enskild motion,MP3201,Införande av ett tredje juridiskt kön,UNDERTECKNARE,0744139167426,Rasmus Ling,MP,3
2402241,HB022351,mot,2351,2023-10-05,SfU,2351,2023/24,Klar,av Nooshi Dadgostar m.fl. (V),Partimotion,V250,Utgiftsområde 10 Ekonomisk trygghet vid sjukdom och funktionsnedsättning,UNDERTECKNARE,0721509806321,Nooshi Dadgostar,V,1
2646591,GV02Kr321,mot,Kr321,2007-10-08,KrU,321,2007/08,Ank T,av Johan Löfstrand och Louise Malmström (s),Enskild motion,s45188,Stöd till länsmuseernas arbete med kulturarvet,UNDERTECKNARE,0203334943718,Louise Malmström,S,2
2096703,HD022293,mot,2293,2025-10-03,AU,2293,2025/26,Hänvisad,av Linnéa Wickman m.fl. (S),Enskild motion,427,Rätt till heltidsarbete och tryggare anställningar för kvinnor,UNDERTECKNARE,0875221317013,Gunilla Carlsson,S,12
296141,GQ02Ub293,mot,Ub293,2002-10-23,UbU,293,2002/03,"",av Inger René (m),Enskild motion,m1223,Kunskaper i näringslära och kosthållning inom barn- och äldreomsorg,UNDERTECKNARE,0388920259006,Inger René,M,1
298158,GQ02K274,mot,K274,2002-10-23,KU,274,2002/03,"",av Alice Åström m.fl. (v),Kommittémotion,v903,Meddelarfrihet m.m.,UNDERTECKNARE,0321885416125,Rossana Valeria D.,V,5
76956,GR0345,prop,45,2004-03-16,JU,45,2003/04,hämtad_2,"",prop,"",Stärkt konsumentskydd vid småhusbyggande,,,,,
1694252,HD023609,mot,3609,2025-10-07,UU,3609,2025/26,Klar,av Kerstin Lundgren m.fl. (C),Kommittémotion,"",​​Utgiftsområde 5 Internationell samverkan​,UNDERTECKNARE,0226631365426,Mikael Larsson,C,3
2432876,GT01MJU31,bet,MJU31,2006-06-07,MJU,31,2005/06,63829,"",bet,"",Strategiska utmaningar - En vidareutveckling av svensk strategi för hållbar utveckling,,,,,
1968212,H2022601,mot,2601,2014-11-10,TU,2601,2014/15,Klar,av Patrik Jönsson och Josef Fransson (SD),Enskild motion,SD165,Investeringar i E20,UNDERTECKNARE,0183544538819,Patrik Jönsson,SD,1
2747578,H30316,prop,16,2015-09-28,Näringsdepartementet,16,2015/16,Klar,"",prop,"",Senarelagt införande av redovisningscentraler för taxi,,0691264514114,Anna Johansson,S,2
1543913,GW02MJ27,mot,MJ27,2009-06-22,MJU,27,2008/09,Ank T,av Tina Ehn m.fl. (mp),Kommittémotion,mp58,med anledning av prop. 2008/09:214 Hållbart skydd av naturområden,UNDERTECKNARE,0457308547314,Karin Svensson Smith,MP,2
543542,GP02Sk299,mot,Sk299,2001-10-05,SkU,299,2001/02,"",av Sven Brus och Kenneth Lantz (kd),Enskild motion,kd656,Dansbandsmoms,UNDERTECKNARE,0479155832315,Kenneth Lantz,KD,2
1399467,HD022820,mot,2820,2025-10-06,KrU,2820,2025/26,Hänvisad,av Vasiliki Tsouplaki m.fl. (V),Kommittémotion,671,"Idrott, friluftsliv och folkhälsa",UNDERTECKNARE,0776705932527,Ciczie Weidby,V,6
2334267,H402114,mot,114,2016-09-27,NU,114,2016/17,Klar,av Johan Nissinen m.fl. (SD),Kommittémotion,SD21,En handelspolitik för tillväxt,UNDERTECKNARE,0671881934227,Johan Nissinen,SD,1
1470460,GV02So377,mot,So377,2007-10-03,SoU,377,2007/08,Ank T,av Rolf K Nilsson (m),Enskild motion,m1281,Behovet av intresseombud för ensamstående äldre,UNDERTECKNARE,088327461512,Rolf K Nilsson,M,1
1707264,H2021476,mot,1476,2014-11-07,NU,1476,2014/15,Klar,av Margareta Cederfelt och Finn Bengtsson (M),Enskild motion,M1166,Stärkt äganderätt i minerallagstiftningen,UNDERTECKNARE,0721657655513,Finn Bengtsson,M,2
539316,GO02K264,mot,K264,2000-10-05,KU,264,2000/01,"",av Ingvar Svensson m.fl. (kd),Kommittémotion,kd609,Kriminalisering av enskildas stöd till eller deltagande i  rasistiska eller andra kriminella organisationer,UNDERTECKNARE,0544137999406,Björn von der Esch,KD,6
2706915,GT02A348,mot,A348,2005-10-04,AU,348,2005/06,Trycklov,av Anneli Särnblad och Kurt Kvarnström (s),Enskild motion,s47203,Temperatur som arbetsmiljöfråga,UNDERTECKNARE,0883392691612,Anneli Särnblad,S,1
1970784,H2022870,mot,2870,2014-11-10,FiU,2870,2014/15,Klar,av Dennis Dioukarev (SD),Enskild motion,SD620,Amorteringskrav,UNDERTECKNARE,0344222203323,Dennis Dioukarev,SD,1
2268314,HD01CU20,bet,CU20,2025-11-11,CU,20,2025/26,planerat,"",bet,"",Hushållningen med mark- och vattenområden,,,,,
1421741,GX02N294,mot,N294,2009-10-02,NU,294,2009/10,Ank T,av Annicka Engblom och Andreas Norlén (m),Enskild motion,m1737,Stärkt patenträttsligt skydd,UNDERTECKNARE,0590042760718,Annicka Engblom,M,1
380568,GQ02A322,mot,A322,2002-10-23,AU,322,2002/03,"",av Lars Ångström m.fl. (mp),Enskild motion,mp327,Jämställdhet och mannen,UNDERTECKNARE,0238588409223,Gustav Fridolin,MP,3
2635149,H50329,prop,29,2017-10-24,Socialdepartementet,29,2017/18,Klar,"",prop,"",Lag om bistånd till enskilda efter evakueringar till Sverige,,010611244716,Åsa Regnér,S,2
1600941,GU02T362,mot,T362,2006-11-02,TU,362,2006/07,Trycklov,av Michael Hagberg m.fl. (s),Enskild motion,s29419,Trafik och infrastruktur i Södermanlands län,UNDERTECKNARE,0340854285007,Laila Bjurling,S,2
299073,GR02Sk27,mot,Sk27,2003-11-13,SkU,27,2003/04,"",av Roger Tiefensee m.fl. (c),Kommittémotion,c160,"med anledning av prop. 2003/04:33 Ändringar i reglerna om framskjuten beskattning vid andelsbyten, m.m.",UNDERTECKNARE,0773506435611,Anders Larsson,C,7
2529750,HD021089,mot,1089,2025-10-02,UbU,1089,2025/26,Hänvisad,av Peder Björk m.fl. (S),Enskild motion,737,Mittuniversitetet,UNDERTECKNARE,0140985614421,Peder Björk,S,1
192639,GR02Ub487,mot,Ub487,2003-10-07,UbU,487,2003/04,"",av Göte Wahlström m.fl. (s),Enskild motion,s11109,Utbildning inom företagshälsovård,UNDERTECKNARE,0587985033012,Göte Wahlström,S,1
1864885,H7027,mot,7,2019-09-10,KrU,7,2019/20,Klar,av Gudrun Brunegård (KD),Enskild motion,KD,Inrätta en nationell Astrid Lindgren-dag,UNDERTECKNARE,0304498908019,Gudrun Brunegård,KD,1
1353900,GT02Sf345,mot,Sf345,2005-10-05,SfU,345,2005/06,Trycklov,av Kenneth Lantz m.fl. (kd),Kommittémotion,kd392,Privatiserad arbetsskadeförsäkring,UNDERTECKNARE,0338278373318,Dan Kihlström,KD,9
888333,GR02So488,mot,So488,2003-10-07,SoU,488,2003/04,"",av Kerstin Heinemann m.fl. (fp),Kommittémotion,fp162,Riktlinjer för tandvårdsreform,UNDERTECKNARE,0279360042003,Gabriel Romanus,L,2
2016700,H2022041,mot,2041,2014-11-10,CU,2041,2014/15,Klar,av Hans Hoff (S),Enskild motion,S29034,Bluffakturor,UNDERTECKNARE,0540190357911,Hans Hoff,S,1
741004,GP02K21,mot,K21,2001-11-27,KU,21,2001/02,"",av Per Unckel m.fl. (m),Kommittémotion,m276,"med anledning av prop. 2001/02:53 Ändringar i vallagen, m.m. ",UNDERTECKNARE,0388920259006,Inger René,M,2
2208349,H402581,mot,581,2016-09-30,NU,581,2016/17,Klar,av Laila Naraghi m.fl. (S),Enskild motion,S8012,Stöd till omställning vid industrinedläggning,UNDERTECKNARE,0853395328224,Lena Hallengren,S,3
461950,GO02Bo210,mot,Bo210,2000-10-05,BoU,210,2000/01,"",av Owe Hellberg m.fl. (v),Kommittémotion,v707,Bostäder till rimliga kostnader,UNDERTECKNARE,0883123676901,Kjell-Erik Karlsson,V,5
1314028,GZ02MJ327,mot,MJ327,2011-10-04,MJU,327,2011/12,Ank T,av Anders Åkesson och Solveig Zander (C),Enskild motion,C413,Strandskyddslagstiftning ,UNDERTECKNARE,0196077326617,Solveig Zander,C,2
405973,GP02N289,mot,N289,2001-10-05,NU,289,2001/02,"",av Anna Åkerhielm och Ingvar Eriksson (m),Enskild motion,m1601,Trävaruförsörjningen till skivindustrin,UNDERTECKNARE,0695579897102,Ingvar Eriksson,M,2
481841,GP02Kr339,mot,Kr339,2001-10-05,KrU,339,2001/02,"",av Kent Olsson m.fl. (m),Enskild motion,m1620,Idrottens villkor,UNDERTECKNARE,0354810740804,Carl Erik Hedlund,M,5
246254,GQ02So44,mot,So44,2003-03-10,SoU,44,2002/03,"",av Chatrine Pålsson m.fl. (kd),Kommittémotion,kd121,med anledning av prop. 2002/03:53 Stärkt skydd för barn i utsatta situationer m.m.,UNDERTECKNARE,0338278373318,Dan Kihlström,KD,6
396141,GR02N220,mot,N220,2003-10-07,NU,220,2003/04,"",av Erling Wälivaara och Gunilla Tjernberg (kd),Enskild motion,kd590,Vattenkraftsvinster,UNDERTECKNARE,0205071690103,Erling Wälivaara,KD,1
98865,GY02U11,mot,U11,2011-04-06,UU,11,2010/11,Ank T,av Urban Ahlin m.fl. (S),Kommittémotion,S92031,med anledning av skr. 2010/11:114 Strategisk exportkontroll 2010 – krigsmateriel och produkter med dubbla användningsområden,UNDERTECKNARE,0257612529618,Kenneth G Forslund,S,4
1873459,GZ02N360,mot,N360,2011-10-05,NU,360,2011/12,Ank T,av Christer Adelsbo m.fl. (S),Enskild motion,S18044,Satsningar på biogasteknik,UNDERTECKNARE,0251564185908,Kerstin Engle,S,3
2686291,GV02C364,mot,C364,2007-10-08,CU,364,2007/08,Ank T,av Helene Petersson i Stockaryd m.fl. (s),Enskild motion,s80133,Ungas bostadssituation,UNDERTECKNARE,0767503635911,Désirée Liljevall,S,4
726463,GO02T323,mot,T323,2000-10-05,TU,323,2000/01,"",av Per-Richard Molén m.fl. (m),Kommittémotion,m1004,Enskilda vägar,UNDERTECKNARE,0607691439013,Karin Enström,M,11
883227,GW03174,prop,174,2009-03-18,N,174,2008/09,hämtad_2,"",prop,"",Lag om europeiska grupperingar för territoriellt samarbete m.m.,,,,,
1423022,GV02C4,mot,C4,2008-06-05,CU,4,2007/08,Ank T,av Egon Frid m.fl. (v),Kommittémotion,v80,med anledning av prop. 2007/08:150 Förmynderskapsrättsliga frågor,UNDERTECKNARE,0979278953316,Egon Frid,V,1
2744480,H302431,mot,431,2015-10-01,MJU,431,2015/16,Klar,av Sofia Arkelsten (M),Enskild motion,M1414,Utökad kontroll vid slakt,UNDERTECKNARE,0802826314426,Sofia Arkelsten,M,1
503063,GO02N7,mot,N7,2000-10-18,NU,7,2000/01,"",av Per Westerberg m.fl. (m),Kommittémotion,m1086,med anledning av skr. 2000/01:15 Den fortsatta omställningen av energisystemet m.m.,UNDERTECKNARE,0946889218011,Jan-Evert Rådhström,M,6
2207066,H3022969,mot,2969,2015-10-06,UU,2969,2015/16,Klar,av Karin Enström m.fl. (M),Kommittémotion,M221,Utgiftsområde 7 Internationellt bistånd,UNDERTECKNARE,0448155122323,Olof Lavesson,M,10
2555784,GV02T382,mot,T382,2007-10-09,TU,382,2007/08,Ank T,av Lars-Arne Staxäng och Finn Bengtsson (m),Enskild motion,m1026,Kvalitetssäkring och uppföljning av utryckningsförare,UNDERTECKNARE,0721657655513,Finn Bengtsson,M,2
1881602,HC022769,mot,2769,2024-10-04,UbU,2769,2024/25,Klar,av Sten Bergheden (M),Enskild motion,1768,Snabbare etablering av yrkesutbildningar,UNDERTECKNARE,0828721176319,Sten Bergheden,M,1
278940,GS02K391,mot,K391,2004-10-06,KU,391,2004/05,Trycklov,av Hillevi Larsson och Veronica Palm (s),Enskild motion,s21035,Kungafamiljen,UNDERTECKNARE,0548314774911,Veronica Palm,S,2
2034494,H2022087,mot,2087,2014-11-10,SfU,2087,2014/15,Klar,av Ingela Nylund Watz m.fl. (S),Enskild motion,S19050,Ökade förutsättningar för nyanlända att etablera sig genom ett värdigt eget boende,UNDERTECKNARE,0474290584024,Azadeh Rojhan Gustafsson,S,2
1778836,GX02U205,mot,U205,2009-09-28,UU,205,2009/10,Ank T,av Hans Linde m.fl. (v),Kommittémotion,v567,Kurdistan,UNDERTECKNARE,0628190530410,Ulla Andersson,V,2
1908065,HB022047,mot,2047,2023-10-05,SfU,2047,2023/24,Klar,av Johan Andersson m.fl. (S),Enskild motion,S1697,Ett rättvist karensavdrag,UNDERTECKNARE,0537400268911,Caroline Helmersson Olsson,S,2
798995,GQ02Fi209,mot,Fi209,2002-10-23,FiU,209,2002/03,"",av Fredrik Reinfeldt m.fl. (m),Kommittémotion,m176,Riksbanken,UNDERTECKNARE,089057453314,Ulf Sjösten,M,5
327652,GR02A350,mot,A350,2003-10-07,AU,350,2003/04,"",av Jan Björkman och Kerstin Andersson (s),Enskild motion,s11134,Studieuppehåll och ersättning från a-kassan,UNDERTECKNARE,0583257327619,Kerstin Andersson,S,2
442844,GR02Fi10,mot,Fi10,2003-10-01,FiU,10,2003/04,"",av Olle Sandahl m.fl. (kd),Kommittémotion,kd167,med anledning av prop. 2002/03:151 Utjämning av vissa kostnader för stöd och service till funktionshindrade,UNDERTECKNARE,0700424025906,Mats Odell,KD,2
1692895,H2021139,mot,1139,2014-11-07,FiU,1139,2014/15,Klar,av Teresa Carvalho m.fl. (S),Enskild motion,S6129,Sociala kriterier vid upphandlingarna i samband med byggnationen av Ostlänken,UNDERTECKNARE,0860364634014,Mattias Ottosson,S,4
1608709,GU02A303,mot,A303,2006-10-31,AU,303,2006/07,Trycklov,av Nikos Papadopoulos och Veronica Palm (s),Enskild motion,s23002,Arbetsmiljöverkets uppgifter,UNDERTECKNARE,0899701619804,Nikos Papadopoulos,S,1
2504243,GV02T503,mot,T503,2007-10-05,TU,503,2007/08,Ank T,"av Eva Flyborg m.fl. (fp, m, c, kd)",Flerpartimotion,-fp1376,Infrastruktur i Göteborg och Västsverige,UNDERTECKNARE,0105689536302,Eva Selin Lindgren,C,3
2716152,GW02T331,mot,T331,2008-10-03,TU,331,2008/09,Ank T,av Isabella Jernbeck (m),Enskild motion,m1183,Möjligheter för enskilda aktörer att utföra besiktningar av fordon,UNDERTECKNARE,0219220227418,Isabella Jernbeck,M,1
1877481,GW02C448,mot,C448,2008-10-07,CU,448,2008/09,Ank T,av Peter Eriksson m.fl. (mp),Partimotion,mp701,Energismart byggande,UNDERTECKNARE,0214849275619,Christopher Ödmann,MP,19
2676428,H5023308,mot,3308,2017-10-05,KU,3308,2017/18,Klar,av Erik Bengtzboe (M),Enskild motion,M1898,Låt riksdagen pröva utnämningen av varje minister,UNDERTECKNARE,0513020576128,Erik Bengtzboe,M,1
1490380,H102Ub275,mot,Ub275,2013-11-25,UbU,275,2013/14,Ank T,av Hillevi Larsson (S),Enskild motion,S2065,Körkortsundervisning på gymnasiet,UNDERTECKNARE,0878075468027,Hillevi Larsson,S,1
1750530,H2021662,mot,1662,2014-11-07,UbU,1662,2014/15,Klar,av Penilla Gunther (KD),Enskild motion,KD720,Lärlingsersättning till företag,UNDERTECKNARE,0925451929216,Penilla Gunther,KD,1
192673,GR02Ub481,mot,Ub481,2003-10-07,UbU,481,2003/04,"",av Carina Adolfsson Elgestam m.fl. (s),Enskild motion,s11115,Körkortsutbildning,UNDERTECKNARE,0583257327619,Kerstin Andersson,S,4
2026379,H5021799,mot,1799,2017-10-03,MJU,1799,2017/18,Klar,av Elin Lundgren och Åsa Lindestam (båda S),Enskild motion,S1520,Märkning av katter,UNDERTECKNARE,0252067342313,Åsa Lindestam,S,2
697611,GT02So710,mot,So710,2005-10-05,SoU,710,2005/06,Trycklov,av Göran Hägglund m.fl. (kd),Partimotion,kd334,Seniorpolitiken,UNDERTECKNARE,0377384542907,Chatrine Pålsson,KD,9
2033761,H3022169,mot,2169,2015-10-06,AU,2169,2015/16,Klar,av Emilia Töyrä m.fl. (S),Enskild motion,S2066,Årlig lönekartläggning och jämställdhetsplan,UNDERTECKNARE,0526129317828,Veronica Lindholm,S,2
1511833,H002So309,mot,So309,2012-10-03,SoU,309,2012/13,Ank T,av Elisabeth Björnsdotter Rahm och Ann-Britt Åsebol (M),Enskild motion,M1293,Likriktad läkemedelsförskrivning,UNDERTECKNARE,0204494765606,Ann-Britt Åsebol,M,2
2050705,H4022188,mot,2188,2016-10-05,JuU,2188,2016/17,Klar,av Adnan Dibrani m.fl. (S),Enskild motion,S20011,Stärkt rättsskydd för trafikskadade,UNDERTECKNARE,0442629549320,Adnan Dibrani,S,1
421380,GO02K220,mot,K220,2000-10-05,KU,220,2000/01,"",av Rolf Gunnarsson (m),Enskild motion,m74,Riksdagens arbetsformer,UNDERTECKNARE,0785143384002,Rolf Gunnarsson,M,1
2487793,HD021353,mot,1353,2025-10-02,TU,1353,2025/26,Hänvisad,av Roger Hedlund och Mattias Eriksson Falk (båda SD),Enskild motion,"",En utbyggnad av Ostkustbanan till dubbelspår,UNDERTECKNARE,0773497241728,Roger Hedlund,SD,1
1305483,H002C223,mot,C223,2012-10-02,CU,223,2012/13,Ank T,av Christer Engelhardt (S),Enskild motion,S9062,Sms-lån,UNDERTECKNARE,0936723349517,Christer Engelhardt,S,1
2419873,H602187,mot,187,2018-10-30,KU,187,2018/19,Klar,av Mia Sydow Mölleby m.fl. (V),Kommittémotion,V572,Utökad rösträtt,UNDERTECKNARE,0254695027922,Momodou Malcolm Jallow,V,2
880815,GQ02Bo10,mot,Bo10,2003-04-03,BoU,10,2002/03,"",av Rigmor Stenmark m.fl. (c),Kommittémotion,c158,med anledning av prop. 2002/03:98 Åtgärder för att främja byggande av mindre hyresbostäder och studentbostäder,UNDERTECKNARE,0284604377408,Jörgen Johansson,C,5
1685196,HD023519,mot,3519,2025-10-07,UbU,3519,2025/26,Klar,av Camilla Hansén m.fl. (MP),Kommittémotion,1501,Utgiftsområde 15 Studiestöd,UNDERTECKNARE,0692076685824,Camilla Hansén,MP,1
2417747,GU02C334,mot,C334,2006-11-01,CU,334,2006/07,Trycklov,av Lars Ohly m.fl. (v),Partimotion,v811,"Utgiftsområde 18 Samhällsplanering, byggande samt konsumentpolitik",UNDERTECKNARE,042839539117,Alice Åström,V,7
1496414,H002Sf364,mot,Sf364,2012-10-08,SfU,364,2012/13,Ank T,av Tomas Eneroth m.fl. (S),Kommittémotion,S34001,Utgiftsområde 8 Migration,UNDERTECKNARE,043972220518,Jasenko Omanovic,S,6
775116,GR02Bo277,mot,Bo277,2003-10-07,BoU,277,2003/04,"",av Jan Ertsborn (fp),Enskild motion,fp517,Samfälligheters rätt till verkställighet på grund av debiteringslängd,UNDERTECKNARE,09812885803,Jan Ertsborn,L,1
1817229,GU02So475,mot,So475,2006-10-31,SoU,475,2006/07,Trycklov,av Monica Green m.fl. (s),Enskild motion,s9602,Ökade klyftor,UNDERTECKNARE,0548314774911,Veronica Palm,S,8
588360,GP02MJ444,mot,MJ444,2001-10-05,MJU,444,2001/02,"",av Gudrun Schyman m.fl. (v),Partimotion,v367,Tillståndsprövning av väg- och järnvägsbyggen,UNDERTECKNARE,0928223863802,Berit Jóhannesson,V,7
690143,GQ01SFU2,bet,SFU2,2006-03-15,SFU,2,2002/03,"","","","",Anslag   inom   utgiftsområde   8  Invandrare  ochflyktingar,,,,,
722349,GP02Kr9,mot,Kr9,2002-04-09,KrU,9,2001/02,"",av Charlotta L Bjälkebring m.fl. (v),Kommittémotion,v34,med anledning av prop. 2001/02:153 Lotterier över Internet m.m.,UNDERTECKNARE,0249314098519,Boel Lindén,V,4
1860761,GX02C464,mot,C464,2009-10-06,CU,464,2009/10,Ank T,av Ann-Christin Ahlberg m.fl. (s),Enskild motion,s32095,Kvotering till bolagsstyrelserna,UNDERTECKNARE,0699506181311,Karin Åström,S,5
193013,GR02Ub478,mot,Ub478,2003-10-07,UbU,478,2003/04,"",av Ann-Kristine Johansson m.fl. (s),Enskild motion,s15006,Kunskaper om dyslexi i lärarutbildningen,UNDERTECKNARE,0280164118408,Tommy Ternemar,S,5
1550672,GV01SoU11,bet,SoU11,2008-05-28,SoU,11,2007/08,"","",bet,"",En förnyad folkhälsopolitik,,,,,
889341,GT02A224,mot,A224,2005-09-29,AU,224,2005/06,Trycklov,av Camilla Sköld Jansson m.fl. (v),Kommittémotion,v306,Strategi för implementering av Cedaw,UNDERTECKNARE,0395416536118,Siv Holma,V,5
1901565,GX02Kr269,mot,Kr269,2009-10-05,KrU,269,2009/10,Ank T,av Lars Ohly m.fl. (v),Partimotion,v350,"Utgiftsområde 17 Kultur, medier, trossamfund och fritid",UNDERTECKNARE,0972254695405,Elina Linna,V,5
2057488,H5021094,mot,1094,2017-10-02,NU,1094,2017/18,Klar,av Marianne Pettersson m.fl. (S),Enskild motion,S1332,Besöksnäring,UNDERTECKNARE,0111479807829,Anna Wallentheim,S,3
1481384,H002Ju248,mot,Ju248,2012-10-02,JuU,248,2012/13,Ank T,av Maria Ferm m.fl. (MP),Enskild motion,MP2102,Avskaffande av krav på danstillstånd,UNDERTECKNARE,0584183916016,Ulf Holm,MP,3
94353,GQ02Kr236,mot,Kr236,2002-10-23,KrU,236,2002/03,"",av Kent Olsson m.fl. (m),Kommittémotion,m114,Kulturpolitiken,UNDERTECKNARE,039655712615,Margareta Pålsson,M,6
2340316,HB0386,prop,86,2024-03-19,Finansdepartementet,86,2023/24,Klar,"",prop,"",Tillfälligt höjt tak för rotavdraget,,0899112324519,Elisabeth Svantesson,M,2
1498927,GT02Sk256,mot,Sk256,2005-09-22,SkU,256,2005/06,Trycklov,av Anita Sidén och Anna Lilliehöök (m),Enskild motion,m1273,Beskattning av förluster,UNDERTECKNARE,08644719105,Anna Lilliehöök,M,2
169741,GR02Sf214,mot,Sf214,2003-10-07,SfU,214,2003/04,"",av Luciano Astudillo (s),Enskild motion,s36004,Föräldrautbildning och delad ledighet,UNDERTECKNARE,0662364517619,Luciano Astudillo,S,1
636447,GT02Ju210,mot,Ju210,2005-09-15,JuU,210,2005/06,Trycklov,av Maud Ekendahl och Elizabeth Nyström (m),Enskild motion,m1057,Glasrutor mellan intagna och besökare,UNDERTECKNARE,0697895317615,Maud Ekendahl,M,1
1787927,GT02U337,mot,U337,2005-10-04,UU,337,2005/06,Trycklov,av Gustav Fridolin och Lotta Hedström (mp),Enskild motion,mp917,Tjetjenien,UNDERTECKNARE,0238588409223,Gustav Fridolin,MP,1
755317,GT02MJ382,mot,MJ382,2005-09-27,MJU,382,2005/06,Trycklov,av Hans Stenberg och Kerstin Kristiansson Karlstedt (s),Enskild motion,s18435,Fiske på statens vatten i fjällen,UNDERTECKNARE,0836614547702,Kerstin Kristiansson Karlstedt,S,2
2604554,H5023615,mot,3615,2017-10-05,KU,3615,2017/18,Klar,av Penilla Gunther och Larry Söder (båda KD),Enskild motion,KD,Ersättare i val,UNDERTECKNARE,0992473266516,Larry Söder,KD,2
1482169,GZ02T390,mot,T390,2011-10-05,TU,390,2011/12,Ank T,av Helene Petersson i Stockaryd m.fl. (S),Enskild motion,S10123,Infrastruktur i södra Sverige,UNDERTECKNARE,0600928907216,Carina Hägg,S,2
2570399,H002Fö4,mot,Fö4,2012-11-29,FöU,4,2012/13,Ank T,av Mikael Jansson (SD),Kommittémotion,SD195,med anledning av skr. 2012/13:42 Riksrevisionens rapport om den nordiska stridsgruppen 2011,UNDERTECKNARE,0236051814311,Mikael Jansson,SD,1
2479925,GW02Ju330,mot,Ju330,2008-10-03,JuU,330,2008/09,Ank T,av Eva-Lena Jansson m.fl. (s),Enskild motion,s14045,Hatbrott,UNDERTECKNARE,0683297678211,Elisebeht Markström,S,4
2394914,H5022140,mot,2140,2017-10-04,KrU,2140,2017/18,Klar,av Carina Ohlsson m.fl. (S),Enskild motion,S1572,Grundfinansiering för samordning av socialt inriktade ideella organisationer,UNDERTECKNARE,0412148992926,Hanna Westerén,S,4
209186,GR02Ub514,mot,Ub514,2003-10-07,UbU,514,2003/04,"",av Inger Davidson m.fl. (kd),Kommittémotion,kd316,"Utbildning och universitetsforskning, Utgiftsområde 16",UNDERTECKNARE,0338278373318,Dan Kihlström,KD,4
2427566,GX01CU6,bet,CU6,2009-12-17,CU,6,2009/10,"","",bet,"",Insolvens- och utsökningsrätt,,,,,
2690067,GW02Sk260,mot,Sk260,2008-10-02,SkU,260,2008/09,Ank T,av Gunvor G Ericson m.fl. (mp),Enskild motion,mp714,Folkbokföring i fara,UNDERTECKNARE,0488357052317,Mats Pertoft,MP,2
207931,GP02Ub447,mot,Ub447,2001-10-05,UbU,447,2001/02,"",av Ulla-Britt Hagström m.fl. (kd),Kommittémotion,kd381,Gymnasieskolan,UNDERTECKNARE,0338278373318,Dan Kihlström,KD,8
1819535,H102N370,mot,N370,2014-01-13,NU,370,2013/14,Ank T,av Isak From m.fl. (S),Enskild motion,S25117,Ett system för entreprenörer och innovatörer som skapar intäkter och arbetstillfällen i Sverige,UNDERTECKNARE,0251617324715,Katarina Köhler,S,9
1820524,H102T510,mot,T510,2014-07-28,TU,510,2013/14,Ank T,av Anders Ygeman m.fl. (S),Kommittémotion,S9001,Hållbara lastbilstransporter,UNDERTECKNARE,0916608741910,Suzanne Svensson,S,6
901060,GT02Kr285,mot,Kr285,2005-10-03,KrU,285,2005/06,Trycklov,av Birgitta Carlsson m.fl. (c),Enskild motion,c684,Placering av guldskatter,UNDERTECKNARE,0962841101917,Annika Qarlsson,C,3
1818170,GU02MJ339,mot,MJ339,2006-11-02,MJU,339,2006/07,Trycklov,av Kalle Larsson m.fl. (v),Enskild motion,v471,Stockholms miljö och infrastruktur,UNDERTECKNARE,0677210453318,Pernilla Zethraeus,V,3
2397722,H102MJ270,mot,MJ270,2013-11-22,MJU,270,2013/14,Ank T,av Ann-Charlotte Hammar Johnsson m.fl. (M),Enskild motion,M1853,Främmande trädslag i skånskt skogsbruk,UNDERTECKNARE,0861447317415,Thomas Finnborg,M,7
161757,GQ01SOU19,bet,SOU19,2006-03-15,SOU,19,2002/03,"","","","",Översyn av lagen (1993:389) om assistansersättning,,,,,
1956310,H4021070,mot,1070,2016-10-03,NU,1070,2016/17,Klar,av Jan Björklund m.fl. (L),Partimotion,L1121,På väg mot ett fossilfritt Sverige,UNDERTECKNARE,0582811195313,Tina Acketoft,L,4
1975224,H3021833,mot,1833,2015-10-06,JuU,1833,2015/16,Klar,av Margareta Cederfelt m.fl. (M),Enskild motion,M1639,Avskaffa kravet på danstillstånd,UNDERTECKNARE,0970259744617,Margareta Cederfelt,M,1
584957,GS02Ub263,mot,Ub263,2004-09-28,UbU,263,2004/05,Trycklov,av Håkan Larsson (c),Enskild motion,c536,Återbetalning av studielån i Norden,UNDERTECKNARE,0899795917517,Håkan Larsson,C,1
337913,GQ02So15,mot,So15,2003-01-24,SoU,15,2002/03,"",av Chatrine Pålsson m.fl. (kd),Kommittémotion,kd111,med anledning av prop. 2002/03:20 Samverkan mellan kommuner och landsting inom vård- och omsorgsområdet ,UNDERTECKNARE,0375671185701,Sven Brus,KD,6
1459861,H102Ub443,mot,Ub443,2013-12-05,UbU,443,2013/14,Ank T,av Marie Nordén (S),Enskild motion,S2088,Bristen på historieundervisning om Sveriges ursprungsbefolkning,UNDERTECKNARE,0291542732518,Marie Nordén,S,1
2672897,H9021199,mot,1199,2021-09-30,TU,1199,2021/22,Klar,av Lars Thomsson (C),Enskild motion,"",Utveckla elflygsbranschen i Sverige,UNDERTECKNARE,0853831481615,Lars Thomsson,C,1
2209874,H4021314,mot,1314,2016-10-04,SoU,1314,2016/17,Klar,av Maria Ferm och Janine Alm Ericson (båda MP),Enskild motion,MP1705,Hemlösa EU-medborgare,UNDERTECKNARE,0462699892622,Maria Ferm,MP,1
1966252,H3021308,mot,1308,2015-10-05,SkU,1308,2015/16,Klar,av Jimmy Ståhl (SD),Enskild motion,SD149,Fler kontroller av gods in till Sverige,UNDERTECKNARE,0170585430421,Jimmy Ståhl,SD,1
151299,GP02MJ11,mot,MJ11,2002-01-18,MJU,11,2001/02,"",av Bo Lundgren m.fl. (m),Partimotion,m29,med anledning av prop. 2001/02:55 Sveriges klimatstrategi,UNDERTECKNARE,0478345475910,Chris Heister,M,6
1783578,GU02So400,mot,So400,2006-10-31,SoU,400,2006/07,Ank T,av Sven Bergström och Erik A Eriksson (c),Enskild motion,c439,Folkhälsa,UNDERTECKNARE,0391973624515,Erik A Eriksson,C,2
1434894,GU02N303,mot,N303,2006-11-01,NU,303,2006/07,Trycklov,av Ingemar Vänerlöv (kd),Enskild motion,kd620,Svensk rymdverksamhet,UNDERTECKNARE,0548843588006,Ingemar Vänerlöv,KD,1
1916361,H102Fi14,mot,Fi14,2014-05-23,FiU,14,2013/14,Ank T,av Åsa Romson m.fl. (MP),Partimotion,MP62,med anledning av prop. 2013/14:100 2014 års ekonomiska vårproposition,UNDERTECKNARE,0781648625615,Peter Rådberg,MP,25
2187497,HC023424,mot,3424,2025-05-07,UbU,3424,2024/25,Klar,av Åsa Westlund m.fl. (S),Kommittémotion,"",med anledning av prop. 2024/25:160 Skolor mot brott,UNDERTECKNARE,0720250789315,Mats Wiking,S,4
2549493,GX02Ub559,mot,Ub559,2009-10-06,UbU,559,2009/10,Ank T,av Marie Granlund m.fl. (s),Kommittémotion,s37101,Utgiftsområde 16 Utbildning och universitetsforskning,UNDERTECKNARE,0203334943718,Louise Malmström,S,4
1864998,GU02So449,mot,So449,2006-10-31,SoU,449,2006/07,Trycklov,av Siw Wittgren-Ahl m.fl. (s),Enskild motion,s11004,HBT-personer och äldreboende,UNDERTECKNARE,0552248175312,Berit Högman,S,10
1827913,GU02K268,mot,K268,2006-11-01,KU,268,2006/07,Ank T,av Andreas Norlén (m),Enskild motion,m1282,Kommunala nyval m.m.,UNDERTECKNARE,0585684563812,Andreas Norlén,M,1
587681,GR02L201,mot,L201,2003-10-07,LU,201,2003/04,"",av Rolf Gunnarsson (m),Enskild motion,m1031,Ekonomiska ersättningar till gode män och förvaltare,UNDERTECKNARE,0785143384002,Rolf Gunnarsson,M,1
756870,GT02MJ394,mot,MJ394,2005-10-03,MJU,394,2005/06,Trycklov,av Lars Leijonborg m.fl. (fp),Partimotion,fp001,En liberal miljöpolitik för hållbar utveckling,UNDERTECKNARE,0101299073819,Karin Pilsäter,L,9
860064,GS02MJ369,mot,MJ369,2004-10-01,MJU,369,2004/05,Trycklov,av Lars Leijonborg m.fl. (fp),Partimotion,fp013,En liberal miljöpolitik för hållbar utveckling,UNDERTECKNARE,0836813859011,Martin Andreasson,L,3
446495,GP02Sf40,mot,Sf40,2002-06-12,SfU,40,2001/02,"",av Ulla Hoffmann m.fl. (v),Kommittémotion,v46,med anledning av prop. 2001/02:185 Uppehållstillstånd med tillfälligt skydd vid massflykt,UNDERTECKNARE,0891897903314,Sven-Erik Sjöstrand,V,3
2485318,HC021752,mot,1752,2024-10-02,MJU,1752,2024/25,Klar,av Rebecka Le Moine m.fl. (MP),Kommittémotion,1811,Förbud mot burhållning av hönor,UNDERTECKNARE,0514669448526,Elin Söderberg,MP,3
1614575,H202943,mot,943,2014-11-06,SoU,943,2014/15,Klar,av Hillevi Larsson och Kerstin Nilsson (S),Enskild motion,S29022,Kvinnosjukdomen endometrios,UNDERTECKNARE,0905637653912,Kerstin Nilsson,S,2
811807,GN02Fi40,mot,Fi40,2000-04-28,FiU,40,1999/2000,"",av Per Westerberg m.fl. (m),-,m0,med anledning av prop. 1999/2000:100 2000 års ekonomiska vårproposition,UNDERTECKNARE,0599736947819,Ola Sundell ,M,2
2288164,GW02Sf10,mot,Sf10,2008-12-18,SfU,10,2008/09,Ank T,"av Veronica Palm m.fl. (s, v, mp)",Flerpartimotion,-s68096,med anledning av redog. 2008/09:RRS9 Riksrevisionens styrelses redogörelse angående Sänkta socialavgifter,UNDERTECKNARE,0808145784313,Siw Wittgren-Ahl,S,3
282562,GS02Sk238,mot,Sk238,2004-09-23,SkU,238,2004/05,Trycklov,av Magdalena Andersson och Jan-Evert Rådhström (m),Enskild motion,m1251,Avdrag för gåvor,UNDERTECKNARE,0946889218011,Jan-Evert Rådhström,M,2
1958463,H4021068,mot,1068,2016-10-03,AU,1068,2016/17,Klar,av Jan Björklund m.fl. (L),Partimotion,L1123,En politik som öppnar dörren till det svenska samhället,UNDERTECKNARE,0223069839622,Robert Hannah,L,9
2039541,H102Ub9,mot,Ub9,2014-04-09,UbU,9,2013/14,Ank T,av Rossana Dinamarca m.fl. (V),Kommittémotion,V47,"med anledning av prop. 2013/14:160 Tid för undervisning – lärares arbete med stöd, särskilt stöd och åtgärdsprogram",UNDERTECKNARE,0321885416125,Rossana Dinamarca,V,1
2388253,H9024366,mot,4366,2022-01-14,FiU,4366,2021/22,Klar,av Jakob Forssmed m.fl. (KD),Kommittémotion,"",med anledning av prop. 2021/22:74 En utvidgad rätt till återköp och flytt av fond- och depåförsäkringar,UNDERTECKNARE,0306286538528,Sofia Damm,KD,4
535340,GS02Ub476,mot,Ub476,2004-10-12,UbU,476,2004/05,Trycklov,av Sofia Larsen m.fl. (c),Kommittémotion,c131,Utgiftsområde 16 Utbildning och universitetsforskning,UNDERTECKNARE,0327857385513,Kenneth Johansson,C,7
1759540,GV02Fö16,mot,Fö16,2008-04-02,FöU,16,2007/08,Ank T,av Monica Green m.fl. (s),Enskild motion,s2031,med anledning av prop. 2007/08:92 Stärkt krisberedskap – för säkerhets skull,UNDERTECKNARE,0456305921813,Hans Olsson,S,12
2335577,HC022289,mot,2289,2024-10-03,KU,2289,2024/25,Klar,av Ulrik Nilsson (M),Enskild motion,1076,AI och rättssäkerheten,UNDERTECKNARE,0410640630411,Ulrik Nilsson,M,1
402864,GO02So245,mot,So245,2000-10-05,SoU,245,2000/01,"",av Carina Adolfsson Elgestam och Lars Wegendal (s),Enskild motion,s11026,Ungdomars rökvanor,UNDERTECKNARE,0700714424203,Lars Wegendal,S,2
1442047,GZ02U285,mot,U285,2011-10-04,UU,285,2011/12,Ank T,av Mikael Oscarsson (KD),Enskild motion,KD700,Stöd för bevarandet av Auschwitz-Birkenau,UNDERTECKNARE,0973782197017,Mikael Oscarsson,KD,1
143411,GO02Ub23,mot,Ub23,2001-02-15,UbU,23,2000/01,"",av Yvonne Andersson m.fl. (kd),Kommittémotion,kd126,med anledning av prop. 2000/01:63 Kvalificerad yrkesutbildning,UNDERTECKNARE,0534056896314,Lars Gustafsson,KD,7
484684,GR02N377,mot,N377,2003-10-07,NU,377,2003/04,"",av Gunnar Sandberg och Marie Nordén (s),Enskild motion,s45312,Omlokalisering av statlig verksamhet,UNDERTECKNARE,0291542732518,Marie Nordén,S,2
2436980,GW02Ju9,mot,Ju9,2008-09-30,JuU,9,2008/09,Ank T,av Lena Olsson m.fl. (v),Kommittémotion,v4,med anledning av prop. 2008/09:16 Godkännande av Dataskyddsrambeslutet,UNDERTECKNARE,0615338062910,Lena Olsson,V,1
2535766,GX02Ub416,mot,Ub416,2009-10-05,UbU,416,2009/10,Ank T,av Fredrik  Lundh m.fl. (s),Enskild motion,s6027,Barns rättigheter,UNDERTECKNARE,0859968278117,Carina Ohlsson,S,3
769659,GT02MJ542,mot,MJ542,2005-10-05,MJU,542,2005/06,Trycklov,av Dan Kihlström och Mikael Oscarsson (kd),Enskild motion,kd1043,Ändrad rovdjurspolitik ,UNDERTECKNARE,0973782197017,Mikael Oscarsson,KD,2
890484,GS02Bo301,mot,Bo301,2004-10-06,BoU,301,2004/05,Trycklov,av Marietta de Pourbaix-Lundin m.fl. (m),Kommittémotion,m116,Bostadspolitiken,UNDERTECKNARE,0244345953026,Peter Danielsson,M,2
2187699,H7023390,mot,3390,2019-10-15,FiU,3390,2019/20,Klar,av Ulla Andersson m.fl. (V),Kommittémotion,V011,med anledning av prop. 2019/20:23 Skyldighet för kreditinstitut att tillhandahålla kontanttjänster,UNDERTECKNARE,0146133946627,Andreas Lennkvist Manriquez,V,6
1905509,GU03133,prop,133,2007-09-11,JU,133,2006/07,hämtad_2,"",prop,"","Ytterligare rättssäkerhetsgarantier vid användandet av hemliga tvångsmedel, m.m.",,,,,
1352141,GV02Ub526,mot,Ub526,2007-10-05,UbU,526,2007/08,Ank T,av Ann-Christin Ahlberg m.fl. (s),Enskild motion,s80178,Allas rätt till barnomsorg,UNDERTECKNARE,0133767709317,Phia Andersson,S,3
1355687,GZ02MJ469,mot,MJ469,2011-10-05,MJU,469,2011/12,Ank T,av Tina Ehn m.fl. (MP),Enskild motion,MP1601,Hållbar landsbygdsutveckling,UNDERTECKNARE,0139948283718,Agneta Börjesson,MP,5
1714268,H2021348,mot,1348,2014-11-07,AU,1348,2014/15,Klar,av Kristina Yngwe och Johanna Jönsson (C),Enskild motion,C348,Grön integration på landsbygden,UNDERTECKNARE,0884738092723,Kristina Yngwe,C,1
173942,GQ02Sk290,mot,Sk290,2002-10-23,SkU,290,2002/03,"",av Gudrun Schyman m.fl. (v),Partimotion,v505,Inkomstskattesystemet,UNDERTECKNARE,0489096664719,Sten Lundström,V,6
2711005,GV02Kr295,mot,Kr295,2007-10-05,KrU,295,2007/08,Ank T,av Louise Malmström och Jan Björkman (s),Enskild motion,s45101,Statsbidraget till En bok för alla,UNDERTECKNARE,079095006519,Jan Björkman,S,2
1739648,GT02Fi258,mot,Fi258,2005-10-04,FiU,258,2005/06,Trycklov,av Lennart Hedquist m.fl. (m),Kommittémotion,m166,Vissa skattefrågor,UNDERTECKNARE,0475092656901,Lennart Hedquist,M,1
1916361,H102Fi14,mot,Fi14,2014-05-23,FiU,14,2013/14,Ank T,av Åsa Romson m.fl. (MP),Partimotion,MP62,med anledning av prop. 2013/14:100 2014 års ekonomiska vårproposition,UNDERTECKNARE,0488357052317,Mats Pertoft,MP,24
536938,GS02Ub473,mot,Ub473,2004-10-06,UbU,473,2004/05,Trycklov,av Torsten Lindström m.fl. (kd),Kommittémotion,kd404,"Universitet, högskola och forskning",UNDERTECKNARE,0338278373318,Dan Kihlström,KD,4
142637,GP02Ub3,mot,Ub3,2001-10-03,UbU,3,2001/02,"",av Beatrice Ask m.fl. (m),Kommittémotion,m202,med anledning av prop. 2001/02:15 Den öppna högskolan,UNDERTECKNARE,0440497495914,Tomas Högström,M,3
2428951,GX02T495,mot,T495,2009-10-06,TU,495,2009/10,Ank T,"av Holger Gustafsson m.fl. (kd, c, m, fp)",Flerpartimotion,-kd401,Motorväg mellan Stockholm och Göteborg,UNDERTECKNARE,0455256796113,Christer Winbäck,L,4
722206,GO02Ub810,mot,Ub810,2000-10-05,UbU,810,2000/01,"",av Yvonne Andersson m.fl. (kd),Kommittémotion,kd749,Universitet och högskola,UNDERTECKNARE,0699354970600,Rose-Marie Frebran,KD,11
2589375,GU02Sk2,mot,Sk2,2006-11-23,SkU,2,2006/07,Trycklov,av Lars Johansson m.fl. (s),Kommittémotion,s10000,Kreditering på skattekonto av stimulans till arbetsgivare för nystartsjobb samt vissa andra skattefrågor,UNDERTECKNARE,0362924695201,Birgitta Eriksson,S,8
597369,GY02A384,mot,A384,2010-10-27,AU,384,2010/11,Ank T,av Sten Bergheden (M),Enskild motion,M1798,Lönebidrag under pågående anställning,UNDERTECKNARE,0828721176319,Sten Bergheden,M,1
2647581,GZ01MJU4,bet,MJU4,2011-09-23,MJU,4,2011/12,"","",bet,"",Nytt unionsregister för utsläppsrätter,,,,,
446585,GP02Sf42,mot,Sf42,2002-06-12,SfU,42,2001/02,"",av Magda Ayoub m.fl. (kd),Kommittémotion,kd214,med anledning av prop. 2001/02:185 Uppehållstillstånd med tillfälligt skydd vid massflykt,UNDERTECKNARE,0887345842319,Gunilla Tjernberg,KD,8
120555,GQ02Kr371,mot,Kr371,2002-10-23,KrU,371,2002/03,"",av Gunilla Tjernberg m.fl. (kd),Kommittémotion,kd317,"Kultur, medier, trossamfund och fritid",UNDERTECKNARE,0338278373318,Dan Kihlström,KD,5
248689,GO02Ub4,mot,Ub4,2000-10-04,UbU,4,2000/01,"",av Yvonne Andersson m.fl. (kd),Kommittémotion,kd740,med anledning av prop. 2000/01:3 Forskning och förnyelse,UNDERTECKNARE,0575413157004,Ingvar Svensson,kd,22
1892294,HC022469,mot,2469,2024-10-03,MJU,2469,2024/25,Klar,av Anne-Li Sjölund m.fl. (C),Enskild motion,"",Skarv,UNDERTECKNARE,084624777218,Helena Lindahl,C,3
656954,GY02N255,mot,N255,2010-10-26,NU,255,2010/11,Ank T,av Jan R Andersson och Sten Bergheden (M),Enskild motion,M1130,Serviceföretagande på landsbygden,UNDERTECKNARE,0828721176319,Sten Bergheden,M,2
1768080,GZ02Sk300,mot,Sk300,2011-10-04,SkU,300,2011/12,Ank T,av Jonas Jacobsson Gjörtler (M),Enskild motion,M346,Översyn av företagens mervärdesbeskattning,UNDERTECKNARE,0495314169413,Jonas Jacobsson Gjörtler,M,1
2055791,H403126,prop,126,2017-03-21,Justitiedepartementet,126,2016/17,Hänvisad,"",skr,"",Tillsammans mot brott - ett nationellt brottsförebyggande program,,0218878014918,Stefan Löfven,S,1
811946,GQ02So510,mot,So510,2002-10-23,SoU,510,2002/03,"",av Viviann Gerdin och Birgitta Sellén (c),Enskild motion,c643,Våld mot kvinnor,UNDERTECKNARE,019623784404,Viviann Gerdin,C,1
358634,GS02MJ419,mot,MJ419,2004-10-06,MJU,419,2004/05,Trycklov,av Kerstin Engle och Anita Jönsson (s),Enskild motion,s36027,Ursprungsmärkning av varor i handeln,UNDERTECKNARE,0682674527208,Anita Jönsson,S,2
1638789,GX02MJ474,mot,MJ474,2009-10-13,MJU,474,2009/10,Ank T,av Anders Ygeman m.fl. (s),Kommittémotion,s12001,"Utgiftsområde 23 Areella näringar, landsbygd och livsmedel ",UNDERTECKNARE,0701525641715,Bo Bernhardsson,S,6
836838,GT02K409,mot,K409,2005-10-04,KU,409,2005/06,Trycklov,av Kerstin Lundgren m.fl. (c),Kommittémotion,c101,Nationella minoriteter,UNDERTECKNARE,0222234581210,Claes Västerteg,C,4
2585484,GW02Ub299,mot,Ub299,2008-10-02,UbU,299,2008/09,Ank T,av Anne Ludvigsson m.fl. (s),Enskild motion,s19020,Genuskunskap och genussäkring inom vård och omsorg,UNDERTECKNARE,0708565346310,Anne Ludvigsson,S,1
2033804,H3022161,mot,2161,2015-10-06,CU,2161,2015/16,Klar,av Catharina Bråkenhielm m.fl. (S),Enskild motion,S9015,Handläggningstider vid överklagande av kommunala planärenden,UNDERTECKNARE,0544046588414,Jan-Olof Larsson,S,2
2552056,H102Sf249,mot,Sf249,2013-11-28,SfU,249,2013/14,Ank T,av Matilda Ernkrans m.fl. (S),Enskild motion,S25139,En anständig sjukförsäkring,UNDERTECKNARE,0983984918111,Matilda Ernkrans,S,1
2405523,GZ01CU17,bet,CU17,2012-04-19,CU,17,2011/12,"","",bet,"",Hushållningen med mark- och vattenområden,,,,,
1893436,GX02C489,mot,C489,2009-10-06,CU,489,2009/10,Ank T,av Carina Hägg m.fl. (s),Enskild motion,s34072,Bostäder till alla,UNDERTECKNARE,0859968278117,Carina Ohlsson,S,3
202537,GQ02Sk401,mot,Sk401,2002-10-23,SkU,401,2002/03,"",av Peter Danielsson och Tobias Billström (m),Enskild motion,m1486,Restaurangmoms,UNDERTECKNARE,0244345953026,Peter Danielsson,M,1
728900,GS02A276,mot,A276,2004-10-03,AU,276,2004/05,Trycklov,av Jörgen Johansson och Annika Qarlsson (c),Enskild motion,c333,Rätt till a-kassa,UNDERTECKNARE,0284604377408,Jörgen Johansson,C,1
618156,GS02Sf5,mot,Sf5,2004-11-15,SfU,5,2004/05,Trycklov,av Birgitta Carlsson m.fl. (c),Kommittémotion,c150,med anledning av prop. 2004/05:28 Bostadsersättning för asylsökande,UNDERTECKNARE,0327857385513,Kenneth Johansson,C,3
745079,GS02A307,mot,A307,2004-10-06,AU,307,2004/05,Trycklov,av Lars Ohly m.fl. (v),Partimotion,v481,Arbetslöshetsförsäkringens roll och utveckling,UNDERTECKNARE,0926555793514,Anders Wiklund,V,11
2339028,GU02Sf248,mot,Sf248,2006-11-01,SfU,248,2006/07,Trycklov,av Gunilla Wahlén m.fl. (v),Kommittémotion,v355,Pensionsgrundande totalförsvarsplikt,UNDERTECKNARE,0449003924218,Kalle Larsson,V,4
717839,GY02Ub483,mot,Ub483,2010-10-27,UbU,483,2010/11,Ank T,av Mikael Damberg m.fl. (S),Kommittémotion,S37116,Politik för gymnasieskolan,UNDERTECKNARE,0801311569314,Gunilla Svantorp,S,4
2359966,H3023152,mot,3152,2015-10-06,MJU,3152,2015/16,Klar,av Kristina Yngwe m.fl. (C),Kommittémotion,C,"Utgiftsområde 23 Areella näringar, landsbygd och livsmedel",UNDERTECKNARE,0132818093422,Rickard Nordin,C,3
540581,GO02K277,mot,K277,2000-10-05,KU,277,2000/01,"",av Per Unckel m.fl. (m),Kommittémotion,m1011,Jurymedlemmar,UNDERTECKNARE,037063714405,Anders Björck,M,8
1849675,GZ02So270,mot,So270,2011-09-30,SoU,270,2011/12,Ank T,av Marianne Åhman m.fl. (FP),Enskild motion,FP1140,Assistansersättning och FN:s konvention om rättigheter för personer med funktionsnedsättning,UNDERTECKNARE,0990688247511,Marianne Åhman,L,1
749869,GT02Bo231,mot,Bo231,2005-09-30,BoU,231,2005/06,Trycklov,av Ewa Thalén Finné m.fl. (m),Enskild motion,m1539,Vindkraftverken i Öresund,UNDERTECKNARE,0906365922712,Anne-Marie Pålsson,M,2
586923,GP02L11,mot,L11,2002-01-18,LU,11,2001/02,"",av Christel Anderberg m.fl. (m),Kommittémotion,m291,med anledning av skr. 2001/02:68 Konsumenterna och miljön,UNDERTECKNARE,0440497495914,Tomas Högström,M,8
2679171,GY02T237,mot,T237,2010-10-26,TU,237,2010/11,Ank T,av Jonas Sjöstedt m.fl. (V),Kommittémotion,V242,Järnväg till Kaunisvaara,UNDERTECKNARE,0216534495014,Jens Holm,V,3
2380685,H002U21,mot,U21,2013-04-17,UU,21,2012/13,Ank T,av Urban Ahlin m.fl. (S),Kommittémotion,S29007,"med anledning av skr. 2012/13:112 Nordiskt utrikes-, säkerhets- och försvarspolitiskt samarbete inklusive krisberedskap",UNDERTECKNARE,0879782396219,Olle Thorell,S,9
2683825,H302659,mot,659,2015-10-02,AU,659,2015/16,Klar,av Roger Haddad (FP),Enskild motion,FP2004,Bättre integrationsverktyg för ett bättre mottagande,UNDERTECKNARE,0308306375022,Roger Haddad,L,1
2750147,H9021662,mot,1662,2021-09-30,TU,1662,2021/22,Klar,av Magnus Manhammar och Heléne Björklund (båda S),Enskild motion,1523,Infrastruktursatsningar i Blekinge,UNDERTECKNARE,0926214745119,Heléne Björklund,S,2
744051,GQ02Sf314,mot,Sf314,2002-10-23,SfU,314,2002/03,"",av Gudrun Schyman m.fl. (v),Partimotion,v440,Återställande av pensioner,UNDERTECKNARE,0928223863802,Berit Jóhannesson,V,6
1792139,H902496,mot,496,2021-09-27,SoU,496,2021/22,Klar,av Nooshi Dadgostar m.fl. (V),Partimotion,361,En kompetent och säker äldreomsorg,UNDERTECKNARE,0198917587520,Maj Karlsson,V,4
2581577,H5023788,mot,3788,2017-10-05,NU,3788,2017/18,Klar,av Helena Lindahl m.fl. (C),Kommittémotion,C,Företagande för fler jobb i hela landet,UNDERTECKNARE,0313210809828,Emil Källström,C,4
333827,GQ02K432,mot,K432,2002-10-23,KU,432,2002/03,"",av Lars Leijonborg m.fl. (fp),Partimotion,fp9,Liberal europapolitik,UNDERTECKNARE,0333961113904,Marita Aronson,L,4
98448,GQ02Kr297,mot,Kr297,2002-10-23,KrU,297,2002/03,"",av Kent Olsson m.fl. (m),Kommittémotion,m173,Idrottens villkor,UNDERTECKNARE,039655712615,Margareta Pålsson,M,6
2257853,GZ02So624,mot,So624,2011-10-05,SoU,624,2011/12,Ank T,av Carina Herrstedt och Mattias Karlsson (SD),Enskild motion,SD145,Fysisk aktivitet för äldre,UNDERTECKNARE,0831636664429,Mattias Karlsson,SD,2
264006,GQ02U275,mot,U275,2002-10-23,UU,275,2002/03,"",av Lotta N Hedström m.fl. (mp),Kommittémotion,mp911,Mellanöstern,UNDERTECKNARE,0584183916016,Ulf Holm,MP,3
586404,GR02So550,mot,So550,2003-10-07,SoU,550,2003/04,"",av Ragnwi Marcelind m.fl. (kd),Kommittémotion,kd448,Försäljning av hembränt,UNDERTECKNARE,0223175563813,Yvonne Andersson,KD,5
1737903,HC0328,prop,28,2024-10-03,Landsbygds- och infrastrukturdepartementet,28,2024/25,Klar,"",prop,"",Vägen till en pålitlig transportinfrastruktur – för att hela Sverige ska fungera,,0222691314314,Ulf Kristersson,M,1
889235,GS02K29,mot,K29,2005-06-15,KU,29,2004/05,Trycklov,av Tobias Krantz m.fl. (fp),Kommittémotion,fp1244,med anledning av prop. 2004/05:163 Ny vallag,UNDERTECKNARE,099373212513,Tobias Krantz,L,1
250934,GS02MJ503,mot,MJ503,2004-10-06,MJU,503,2004/05,Trycklov,av Björn von der Esch m.fl. (kd),Kommittémotion,kd424,Jakt och viltvård,UNDERTECKNARE,0338278373318,Dan Kihlström,KD,3
1475838,GU02N330,mot,N330,2006-10-31,NU,330,2006/07,Trycklov,av Peter Hultqvist m.fl. (s),Enskild motion,s45003,Vattenfalls roll i energipolitiken,UNDERTECKNARE,0937688366013,Peter Hultqvist,S,1
470748,GO02Ju301,mot,Ju301,2000-10-05,JuU,301,2000/01,"",av Alice Åström m.fl. (v),Kommittémotion,v916,Åklagarjäv,UNDERTECKNARE,0282644582407,Carlinge Wisberg,V,9
477352,GO02Sf276,mot,Sf276,2000-10-05,SfU,276,2000/01,"",av Margit Gennser m.fl. (m),Kommittémotion,m1030,Arbetslivsinriktad rehabilitering,UNDERTECKNARE,027112189005,Leif Carlson,M,9
2463268,GX02Ub304,mot,Ub304,2009-10-06,UbU,304,2009/10,Ank T,av Hans Stenberg och Berit Andnor (s),Enskild motion,s6056,Forskning och utveckling vid Mittuniversitetet,UNDERTECKNARE,0332067570917,Berit Andnor,S,2
2317630,GZ02So644,mot,So644,2011-10-05,SoU,644,2011/12,Ank T,av Julia Kronlid m.fl. (SD),Enskild motion,SD167,Sänkning av gränsen för fri abort,UNDERTECKNARE,0603753860213,Carina Herrstedt,SD,3
2450045,H002K356,mot,K356,2013-01-09,KU,356,2012/13,Ank T,av Richard Jomshof m.fl. (SD),Enskild motion,SD166,Förbud mot böneutrop,UNDERTECKNARE,0132698667318,Thoralf Alfsson,SD,4
455936,GQ02A253,mot,A253,2002-10-23,AU,253,2002/03,"",av Ronny Olander och Britt-Marie Lindkvist (s),Enskild motion,s38013,Drogtester i arbetslivet,UNDERTECKNARE,0252641216303,Britt-Marie Lindkvist,S,2
1711699,H902932,mot,932,2021-09-29,CU,932,2021/22,Klar,av Pia Nilsson m.fl. (S),Enskild motion,1101,Försäkringsbolagens kontraheringsprincip i fråga om prematura barn,UNDERTECKNARE,0296384583518,Åsa Eriksson,S,3
282407,GS02Sk240,mot,Sk240,2004-09-24,SkU,240,2004/05,Trycklov,av Birgitta Carlsson och Håkan Larsson (c),Enskild motion,c511,Renkonto för samer,UNDERTECKNARE,0673622610409,Birgitta Carlsson,C,1
2463693,H20269,mot,69,2014-10-22,MJU,69,2014/15,Klar,av Jens Holm m.fl. (V),Kommittémotion,V540,Giftfri vardag,UNDERTECKNARE,0682989845822,Håkan Svenneling,V,6
417196,GR02Sk310,mot,Sk310,2003-10-07,SkU,310,2003/04,"",av Lennart Hedquist m.fl. (m),Kommittémotion,m129,Alkoholbeskattningen - hur skattebasen skall behållas inom landet,UNDERTECKNARE,0658668232410,Per Bill,M,6
1644356,GX02MJ381,mot,MJ381,2009-10-05,MJU,381,2009/10,Ank T,av Otto von Arnold (kd),Enskild motion,kd823,Vattendirektivet,UNDERTECKNARE,0241675049710,Otto von Arnold,KD,1
1416090,GV02Ub203,mot,Ub203,2007-09-21,UbU,203,2007/08,Ank T,av Marie Granlund m.fl. (s),Kommittémotion,s68005,Lex Tibble lag mot tvångsprivatisering av kommunala skolor,UNDERTECKNARE,014744660015,Mikael Damberg,S,2
2374893,HB022249,mot,2249,2023-10-05,SoU,2249,2023/24,Klar,av Ann-Sofie Lifvenhage (M),Enskild motion,M1197,Utbildningskrav för personal inom psykiatri,UNDERTECKNARE,0838085832923,Ann-Sofie Lifvenhage,M,1
789340,GQ02Fi280,mot,Fi280,2002-10-23,FiU,280,2002/03,"",av Christina Axelsson och Laila Bjurling (s),Enskild motion,s7081,"Offentlig upphandling för små företag, kooperativa företag m.fl.",UNDERTECKNARE,0340854285007,Laila Bjurling,S,2
1669549,GU02T232,mot,T232,2006-11-08,TU,232,2006/07,Trycklov,av Inger Jarl Beck (s),Enskild motion,s12009,Mobiltelefon och bilkörning,UNDERTECKNARE,0640774576009,Inger Jarl Beck,S,1
745693,GO02MJ713,mot,MJ713,2000-10-05,MJU,713,2000/01,"",av Kenneth Johansson (c),Enskild motion,c316,Frivillighet i biotopskyddet,UNDERTECKNARE,0327857385513,Kenneth Johansson,C,1
1955970,H4021083,mot,1083,2016-10-03,UbU,1083,2016/17,Klar,av Jan Björklund m.fl. (L),Partimotion,L1118,Förstatliga skolan,UNDERTECKNARE,0456066032422,Mathias Sundin,L,14
757225,GP02U256,mot,U256,2001-10-05,UU,256,2001/02,"","av Per Lager m.fl. (mp, m, v, kd, c)",Flerpartimotion,mp955,Fallet Mordechai Vanunu ,UNDERTECKNARE,0475634300704,Anna Åkerhielm,M,2
1735676,HC023198,mot,3198,2024-10-04,KU,3198,2024/25,Klar,av Marie-Louise Hänel Sandström och Marléne Lund Kopparklint (båda M),Enskild motion,1402,Porträtt på Sveriges statschef H.M. Konung Carl XVI Gustaf till Sveriges riksdag,UNDERTECKNARE,0358514648113,Marléne Lund Kopparklint,M,2
2649625,H302873,mot,873,2015-10-02,AU,873,2015/16,Klar,av Lars Eriksson och Sara Karlsson (båda S),Enskild motion,S6060,Etablerings- och integrationsprocessen,UNDERTECKNARE,0988383147219,Lars Eriksson,S,1
1614456,GV02Ju2,mot,Ju2,2007-10-03,JuU,2,2007/08,Ank T,av Thomas Bodström m.fl. (s),Kommittémotion,s96001,"med anledning av prop. 2006/07:133 Ytterligare rättssäkerhetsgarantier vid användandet av hemliga tvångsmedel, m.m.",UNDERTECKNARE,0683297678211,Elisebeht Markström,S,3
1949377,H2022890,mot,2890,2014-11-10,MJU,2890,2014/15,Klar,av Martin Kinnunen m.fl. (SD),Kommittémotion,SD123,"Utgiftsområde 23 Areella näringar, landsbygd och livsmedel",UNDERTECKNARE,0211757295524,Josef Fransson,SD,5
805125,GO02MJ741,mot,MJ741,2000-10-05,MJU,741,2000/01,"",av Inger René (m),Enskild motion,m470,Nedskräpning av de svenska kusterna,UNDERTECKNARE,0388920259006,Inger René,M,1
179831,GP02Ub17,mot,Ub17,2001-11-07,UbU,17,2001/02,"",av Matz Hammarström m.fl. (mp),Partimotion,mp10,med anledning av prop. 2001/02:35 Fristående skolor,UNDERTECKNARE,07776758016,Ewa Larsson,MP,8
1788285,GT02U304,mot,U304,2005-10-04,UU,304,2005/06,Trycklov,av Lennart Klockare och Birgitta Ahlqvist (s),Enskild motion,s44037,Utbildning av hjälparbetare,UNDERTECKNARE,0708483204009,Lennart Klockare,S,1
404582,GP02N263,mot,N263,2001-10-05,NU,263,2001/02,"",av Agne Hansson m.fl. (c),Partimotion,c14,En näringspolitik för tillväxt och livskraft i hela landet,UNDERTECKNARE,0438928446810,Lena Ek,C,6
1583939,H9022469,mot,2469,2021-10-01,KrU,2469,2021/22,Klar,av Jonas Andersson i Linghem m.fl. (SD),Kommittémotion,44,Spelmarknadspolitik,UNDERTECKNARE,0138741628520,Angelika Bengtsson,SD,3
1849111,H002N357,mot,N357,2013-01-04,NU,357,2012/13,Ank T,av Carin Runeson m.fl. (S),Enskild motion,S35131,Samhällsservice,UNDERTECKNARE,0502174718806,Carin Runeson,S,1
945797,GU01FiU24,bet,FiU24,2007-05-30,FiU,24,2006/07,"","","","",Utvecklingen inom den kommunala sektorn,,,,,
2003681,H3022249,mot,2249,2015-10-06,NU,2249,2015/16,Klar,av Jan Björklund m.fl. (FP),Partimotion,FP,På väg mot ett fossilfritt Sverige,UNDERTECKNARE,0535526562910,Lars Tysklind,L,14
387619,GP02N369,mot,N369,2001-10-05,NU,369,2001/02,"",av Bo Lundgren m.fl. (m),Partimotion,m27,Från idé till företag,UNDERTECKNARE,0938901612810,Fredrik Reinfeldt,M,11
2631950,GZ02K313,mot,K313,2011-10-05,KU,313,2011/12,Ank T,av Lars Ohly m.fl. (V),Partimotion,V560,Utgiftsområde 1 Rikets styrelse,UNDERTECKNARE,0902086611116,Eva Olofsson,V,4
1995969,H3022149,mot,2149,2015-10-06,SoU,2149,2015/16,Klar,av Veronica Lindholm m.fl. (S),Enskild motion,S3082,Ökad grundbemanning inom äldreomsorgen,UNDERTECKNARE,0878075468027,Hillevi Larsson,S,8
2713614,GZ02U25,mot,U25,2012-04-11,UU,25,2011/12,Ank T,av Bodil Ceballos m.fl. (MP),Kommittémotion,MP24,med anledning av skr. 2011/12:114 Strategisk exportkontroll 2011– krigsmateriel och produkter med dubbla användningsområden ,UNDERTECKNARE,0781648625615,Peter Rådberg,MP,3
1846490,H002N382,mot,N382,2012-12-17,NU,382,2012/13,Ank T,av Lise Nordin m.fl. (MP),Enskild motion,MP2909,Diskriminera inte kommunala energibolag,UNDERTECKNARE,0172220256016,Annika Lillemets,MP,2
217226,GO02U17,mot,U17,2001-05-02,UU,17,2000/01,"",av Göran Lennmarker m.fl. (m),Kommittémotion,m1198,med anledning av prop. 2000/01:119 Europa i omvandling - Sveriges utvecklingssamarbete med Central- och Östeuropa,UNDERTECKNARE,0361652802700,Lennart Fridén,M,12
937505,GY02Ju292,mot,Ju292,2010-10-26,JuU,292,2010/11,Ank T,av Johan Pehrson (FP),Enskild motion,FP1307,Gränskontrollmyndighet,UNDERTECKNARE,0224712677012,Johan Pehrson,L,1
2640886,HB021856,mot,1856,2023-10-04,SfU,1856,2023/24,Klar,av Olle Thorell och Lena Johansson (båda S),Enskild motion,S1718,Ett rättvisare karensavdrag,UNDERTECKNARE,0910803550317,Lena Johansson,S,2
2285198,GW02C209,mot,C209,2008-09-25,CU,209,2008/09,Ank T,av Egon Frid m.fl. (v),Kommittémotion,v578,En jämställd och miljöanpassad samhällsplanering,UNDERTECKNARE,0835507837915,LiseLotte Olsson,V,2
1947654,H2022867,mot,2867,2014-11-10,KrU,2867,2014/15,Klar,av Richard Jomshof m.fl. (SD),Enskild motion,SD49,Ökad nordisk språkförståelse,UNDERTECKNARE,0905312407726,Cassandra Sundin,SD,6
2445075,HD021961,mot,1961,2025-10-03,SoU,1961,2025/26,Hänvisad,av Mattias Vepsä m.fl. (S),Enskild motion,555,Funktionsnedsattas rätt till utbildning på lika villkor,UNDERTECKNARE,0229627943828,Jytte Guteland,S,6
895164,GO02A809,mot,A809,2000-10-05,AU,809,2000/01,"",av Margareta Andersson m.fl. (c),Kommittémotion,c101,Jämställdhet,UNDERTECKNARE,0754692641206,Marianne Andersson,C,3
2531005,GU02Sf2,mot,Sf2,2006-12-01,SfU,2,2006/07,Trycklov,av Tomas Eneroth m.fl. (s),Kommittémotion,s63001,Avveckling av försäkringsdelegationerna samt ändrad beslutsordning i ärenden om bilstöd ,UNDERTECKNARE,0808145784313,Siw Wittgren-Ahl,S,2
651113,GY02So471,mot,So471,2010-10-27,SoU,471,2010/11,Ank T,av Hillevi Larsson (S),Enskild motion,S38080,Läkares arbetstid,UNDERTECKNARE,0878075468027,Hillevi Larsson,S,1
1987488,H5023,mot,3,2017-09-12,NU,3,2017/18,Klar,av Caroline Szyber (KD),Enskild motion,KD,Investeringsavtal mellan EU och Taiwan,UNDERTECKNARE,0666958447826,Caroline Szyber,KD,1
803091,GO02K18,mot,K18,2001-06-14,KU,18,2000/01,"",av Kenneth Kvist m.fl. (v),Kommittémotion,v35,"med anledning av prop. 2000/01:129 Ökat informationsutbyte mellan arbetslöshetsförsäkringen, socialförsäkringen och studiestödet",UNDERTECKNARE,0500463008008,Hans Andersson,V,3
169401,GO02Kr1,mot,Kr1,2001-04-06,KrU,1,2000/01,"",av Bo Lundgren m.fl. (m),Partimotion,m527,med anledning av prop. 2000/01:94 Radio och TV i allmänhetens tjänst 2002-2005,UNDERTECKNARE,037063714405,Anders Björck,m,5
2510494,GW02So488,mot,So488,2008-10-08,SoU,488,2008/09,Ank T,av Maria Kornevik Jakobsson och Solveig Zander (c),Enskild motion,c411,Hedershus,UNDERTECKNARE,0196077326617,Solveig Zander,C,2
2089144,HD022393,mot,2393,2025-10-03,MJU,2393,2025/26,Hänvisad,av Magnus Oscarsson och Larry Söder (båda KD),Enskild motion,"",Avbytare inom jordbruket,UNDERTECKNARE,0992473266516,Larry Söder,KD,2
333549,GR02L318,mot,L318,2003-10-07,LU,318,2003/04,"",av Mia Franzén m.fl. (fp),Kommittémotion,fp143,Socialt ansvar i skadestånds- och försäkringsrätten,UNDERTECKNARE,0283009944701,Ana Maria Narti,L,4
1740699,HC023113,mot,3113,2024-10-04,SoU,3113,2024/25,Klar,av Eric Westroth (SD),Enskild motion,"",Välfärdspengar,UNDERTECKNARE,010643534813,Eric Westroth,SD,1
869793,GR02Fi295,mot,Fi295,2003-10-07,FiU,295,2003/04,"",av Karin Pilsäter m.fl. (fp),Kommittémotion,fp183,"Budgetprocessen, budgeten och budgetlagen",UNDERTECKNARE,0731442709013,Christer Nylander,L,2
1965159,H3021239,mot,1239,2015-10-05,UbU,1239,2015/16,Klar,av Christian Holm Barenfeld (M),Enskild motion,M2023,Drogtester i skolan,UNDERTECKNARE,0485476395125,Christian Holm Barenfeld,M,1
1399912,HD022823,mot,2823,2025-10-06,MJU,2823,2025/26,Hänvisad,av Stina Larsson m.fl. (C),Kommittémotion,"",Cirkulär ekonomi och kemikalier,UNDERTECKNARE,0494843794418,Martin Ådahl,C,9
2529840,H002N3,mot,N3,2012-10-05,NU,3,2012/13,Ank T,av Jennie Nilsson m.fl. (S),Kommittémotion,S12006,med anledning av skr. 2012/13:5 Riksrevisionens rapport om regelförenkling för företag,UNDERTECKNARE,0720249554818,Börje Vestlund,S,6
2564496,GU02Ub418,mot,Ub418,2006-10-31,UbU,418,2006/07,Trycklov,av Birgitta Ohlsson m.fl. (fp),Enskild motion,fp1660,Jämställdhetsplaner i förskolan,UNDERTECKNARE,0970400972210,Hans Backman,L,3
1920199,H102U285,mot,U285,2014-01-07,UU,285,2013/14,Ank T,av Finn Bengtsson (M),Enskild motion,M1635,Utredning av förutsättningarna för Natomedlemskap,UNDERTECKNARE,0721657655513,Finn Bengtsson,M,1
2725551,GZ02Ub343,mot,Ub343,2011-10-04,UbU,343,2011/12,Ank T,av Mats Pertoft (MP),Enskild motion,MP3311,Waldorflärarutbildningen,UNDERTECKNARE,0488357052317,Mats Pertoft,MP,1
740671,GT02MJ245,mot,MJ245,2005-09-27,MJU,245,2005/06,Trycklov,av Marietta de Pourbaix-Lundin (m),Enskild motion,m1364,Chinchillor inom pälsindustrin,UNDERTECKNARE,0125165702713,Marietta de Pourbaix-Lundin,M,1
1492778,GT02So713,mot,So713,2005-10-05,SoU,713,2005/06,Trycklov,av Chatrine Pålsson m.fl. (kd),Kommittémotion,kd459,Tandvården,UNDERTECKNARE,0375671185701,Sven Brus,KD,5
2651836,H302258,mot,258,2015-09-30,SoU,258,2015/16,Klar,av Emma Henriksson m.fl. (KD),Kommittémotion,KD,med anledning av prop. 2014/15:127 Assisterad befruktning för ensamstående kvinnor,UNDERTECKNARE,0125056691517,Lars-Axel Nordell,KD,3
477511,GO02Sf274,mot,Sf274,2000-10-05,SfU,274,2000/01,"",av Matz Hammarström m.fl. (mp),Partimotion,mp805,Ett samhälle för barnen,UNDERTECKNARE,0186490041606,Kerstin-Maria Stalin,MP,2
1454558,GV02So558,mot,So558,2007-10-08,SoU,558,2007/08,Ank T,av Ylva Johansson m.fl. (s),Kommittémotion,s68030,"Utgiftsområde 9 Hälsovård, sjukvård och social omsorg",UNDERTECKNARE,0957631371811,Lars U Granberg,S,3
1358165,GX02A399,mot,A399,2009-10-06,AU,399,2009/10,Ank T,av Carina Hägg m.fl. (s),Enskild motion,s14094,Heltid och deltid,UNDERTECKNARE,0957631371811,Lars U Granberg,S,4
89043,GN02MJ21,mot,MJ21,2000-04-06,MJU,21,1999/2000,"",av Eskil Erlandsson m.fl. (c),-,c0,med anledning av prop. 1999/2000:76 Lag om märkning och registrering av hundar,UNDERTECKNARE,019623784404,Viviann Gerdin ,C,2
1958762,H2022800,mot,2800,2014-11-10,TU,2800,2014/15,Klar,av Peter Persson m.fl. (S),Enskild motion,S6130,Utbyggnaden av Götalandsbanan,UNDERTECKNARE,0617957067613,Helene Petersson,S,2
473458,GR02N407,mot,N407,2003-10-07,NU,407,2003/04,"",av Anders Sundström m.fl. (s),Enskild motion,s45154,Ägardirektiv till Vattenfall,UNDERTECKNARE,0959236354417,Anders Sundström,S,1
725721,GS02A351,mot,A351,2004-10-06,AU,351,2004/05,Trycklov,av Börje Vestlund och Anders Bengtsson (s),Enskild motion,s7069,HBT-personers situation i arbetslivet,UNDERTECKNARE,0546982180011,Anders Bengtsson,S,2
433609,GR02K426,mot,K426,2003-10-07,KU,426,2003/04,"",av Berit Högman m.fl. (s),Enskild motion,s15010,EU-frågornas hantering i riksdagen,UNDERTECKNARE,0340854285007,Laila Bjurling,S,2
1413456,GZ02MJ422,mot,MJ422,2011-10-05,MJU,422,2011/12,Ank T,av Finn Bengtsson och Jan R Andersson (M),Enskild motion,M133,Fiskevårdsområden vid havskusten och i skärgården,UNDERTECKNARE,0529103571012,Jan R Andersson,M,2
2562077,HC021326,mot,1326,2024-10-01,SoU,1326,2024/25,Klar,av Märta Stenevi m.fl. (MP),Kommittémotion,2414,Stärkt samarbete och kompetens vid sjukskrivning,UNDERTECKNARE,0469084171710,Ulrika Westerlund,MP,3
461193,GO02Sf609,mot,Sf609,2000-10-05,SfU,609,2000/01,"",av Kalle Larsson m.fl. (v),Kommittémotion,v408,Invandrade kvinnors situation,UNDERTECKNARE,0463667731519,Yvonne Oscarsson,V,6
2381658,H4022953,mot,2953,2016-10-05,SkU,2953,2016/17,Klar,av Fredrik Christensson och Peter Helander (båda C),Enskild motion,C,Möjligheten att dela kommunalskatten mellan flera kommuner ,UNDERTECKNARE,0519542449425,Fredrik Christensson,C,1
1543498,GX02Sf356,mot,Sf356,2009-10-06,SfU,356,2009/10,Ank T,av Lars U Granberg och Karin Åström (s),Enskild motion,s38064,Samverkan mellan myndigheter,UNDERTECKNARE,0699506181311,Karin Åström,S,2
859581,GP02So619,mot,So619,2001-10-05,SoU,619,2001/02,"",av Ester Lindstedt-Staaf m.fl. (kd),Kommittémotion,kd395,Handikappolitiken,UNDERTECKNARE,0223175563813,Yvonne Andersson,KD,15
1551865,H002Sf388,mot,Sf388,2012-10-05,SfU,388,2012/13,Ank T,av Magnus Ehrencrona m.fl. (MP),Kommittémotion,MP1034,Utgiftsområde 12 Ekonomisk trygghet för familjer och barn,UNDERTECKNARE,0640669898710,Gunvor G Ericson,MP,2
1923512,H102U305,mot,U305,2013-11-13,UU,305,2013/14,Ank T,av Bodil Ceballos m.fl. (MP),Kommittémotion,MP1401,Resolution 1325,UNDERTECKNARE,0154189076919,Tina Ehn,MP,8
1951020,H4021195,mot,1195,2016-10-04,UU,1195,2016/17,Klar,av Hans Linde m.fl. (V),Kommittémotion,V231,Fackliga rättigheter i världen,UNDERTECKNARE,0115834246514,Emma Wallrup,V,7
2723838,GW02T246,mot,T246,2008-10-01,TU,246,2008/09,Ank T,av Anneli Särnblad och Kurt Kvarnström (s),Enskild motion,s45036,Obligatoriskt båtregister,UNDERTECKNARE,0262124593702,Kurt Kvarnström,S,2
751983,GO02T215,mot,T215,2000-10-05,TU,215,2000/01,"",av Johan Pehrson (fp),Enskild motion,fp827,Kommunikationer i Örebro län,UNDERTECKNARE,0224712677012,Johan Pehrson,L,1
471731,GP02MJ416,mot,MJ416,2001-10-05,MJU,416,2001/02,"",av Annelie Enochson och Chatrine Pålsson (kd),Enskild motion,kd766,Oljespill i Östersjön,UNDERTECKNARE,045666679112,Annelie Enochson,KD,1
192915,GQ02T406,mot,T406,2002-10-23,TU,406,2002/03,"",av Birgitta Sellén och Roger Karlsson (c),Enskild motion,c581,Svarttaxi,UNDERTECKNARE,0185503778507,Birgitta Sellén,C,1
651256,GY02Fö242,mot,Fö242,2010-10-27,FöU,242,2010/11,Ank T,"av Håkan Juholt m.fl. (S, MP, V)",Flerpartimotion,-MP1014,Utgiftsområde 6 Försvar och samhällets krisberedskap,UNDERTECKNARE,037508021018,Torbjörn Björlund,V,3
727932,GN01UU8,bet,UU8,2000-04-25,UU,8,1999/2000,saknas,"","","","Avtal om handel, utveckling och samarbete mellan Europeiska gemenskapen och dess medlemsstater och Sydafrika",,,,,
1476330,GT02So683,mot,So683,2005-10-05,SoU,683,2005/06,Trycklov,av Siw Wittgren-Ahl m.fl. (s),Enskild motion,s47503,HBT-personer och äldreboende,UNDERTECKNARE,0808145784313,Siw Wittgren-Ahl,S,1
2401250,H5022141,mot,2141,2017-10-04,SoU,2141,2017/18,Klar,av Adnan Dibrani och Jennie Nilsson (båda S),Enskild motion,S1571,Fler undersköterskor till äldrevården,UNDERTECKNARE,0339894357417,Jennie Nilsson,S,2
736582,GS02Sk12,mot,Sk12,2004-11-16,SkU,12,2004/05,Trycklov,av Anna Grönlund Krantz m.fl. (fp),Enskild motion,fp186,med anledning av prop. 2004/05:38 Räntebeläggning av periodiseringsfonderna,UNDERTECKNARE,0526693079901,Gunnar Andrén,L,2
2396698,HB022452,mot,2452,2023-10-05,SfU,2452,2023/24,Klar,av Annika Hirvonen m.fl. (MP),Kommittémotion,MP1609,Stärkta rättigheter för barn som flyr till Sverige,UNDERTECKNARE,0744139167426,Rasmus Ling,MP,3
1898216,H002MJ377,mot,MJ377,2012-12-10,MJU,377,2012/13,Ank T,av Betty Malmberg (M),Enskild motion,M1492,Sluta särbehandla ekologiska produkter,UNDERTECKNARE,0547818628111,Betty Malmberg,M,1
2266784,H402327,mot,327,2016-09-29,UbU,327,2016/17,Klar,av Bengt Eliasson m.fl. (L),Enskild motion,L1070,Undervisning i punktskrift,UNDERTECKNARE,0456066032422,Mathias Sundin,L,2
1330380,H002Ub206,mot,Ub206,2012-09-21,UbU,206,2012/13,Ank T,av Andreas Carlson (KD),Enskild motion,KD540,Ideellt skolengagemang i betyget,UNDERTECKNARE,0542160909628,Andreas Carlson,KD,1
2443076,H102Fi283,mot,Fi283,2013-10-07,FiU,283,2013/14,Ank T,av Gustav Fridolin m.fl. (MP),Partimotion,MP1006,Vinst i välfärden,UNDERTECKNARE,0280087199210,Valter Mutt,MP,21
2583562,H5023944,mot,3944,2017-12-07,SoU,3944,2017/18,Klar,"av Emma Henriksson m.fl. (KD, C, M, L)",Enskild motion,C,med anledning av prop. 2017/18:40 En ny beslutsprocess för den högspecialiserade vården,UNDERTECKNARE,0229760896014,Anders W Jonsson,C,2
644233,GT02Ju384,mot,Ju384,2005-10-03,JuU,384,2005/06,Trycklov,"av Maria Wetterstrand m.fl. (mp, -)",Partimotion,mp601,Ett grönt rättsväsende för framtiden,UNDERTECKNARE,0447198048312,Peter Eriksson,MP,2
939754,GP02Fi276,mot,Fi276,2001-10-05,FiU,276,2001/02,"",av Per Landgren m.fl. (kd),Kommittémotion,kd302,Utgiftsområde 2 Samhällsekonomi och finansförvaltning ,UNDERTECKNARE,0977592683711,Magnus Jacobsson,KD,7
2630423,GW01FiU12,bet,FiU12,2008-12-15,FiU,12,2008/09,"","",bet,"",Åtgärder mot konjunkturförsvagningen,,,,,
1450394,GZ02Fi12,mot,Fi12,2012-04-11,FiU,12,2011/12,Ank T,av Fredrik Olovsson m.fl. (S),Kommittémotion,S20001,med anledning av prop. 2011/12:106 Offentlig upphandling från eget företag — och vissa andra frågor,UNDERTECKNARE,0701525641715,Bo Bernhardsson,S,5
2166629,H3022925,mot,2925,2015-10-06,TU,2925,2015/16,Klar,av Lena Asplund (M),Enskild motion,M1846,Ådalsbanan mellan Sundsvall och Härnösand,UNDERTECKNARE,088028607414,Lena Asplund,M,1
1607937,HD023115,mot,3115,2025-10-06,JuU,3115,2025/26,Hänvisad,av Lars Beckman m.fl. (M),Enskild motion,1974,Rättsfall mot jägare,UNDERTECKNARE,0940980416614,Jan Ericson,M,4
1628458,H202604,mot,604,2014-11-06,CU,604,2014/15,Klar,av Lars Tysklind (FP),Enskild motion,FP9106,Nya effektiva tillståndsprocesser för vattenverksamhet ,UNDERTECKNARE,0535526562910,Lars Tysklind,L,1
704208,GP02U283,mot,U283,2001-10-05,UU,283,2001/02,"",av Stig Sandström m.fl. (v),Kommittémotion,v637,Organisationen för säkerhet och samarbete i Europa (OSSE),UNDERTECKNARE,0658094895604,Maggi Mikaelsson,V,4
384758,GS01FöU6,bet,FöU6,2006-03-15,FöU,6,2004/05,"","","","",Sjö- och kustövervakningsfrågor,,,,,
2182591,H3022631,mot,2631,2015-10-06,FiU,2631,2015/16,Klar,av Maria Malmer Stenergard och Jessika Roswall (båda M),Enskild motion,M1339,Underlätta för internationellt biståndsarbete,UNDERTECKNARE,0718034011110,Jessika Roswall,M,2
1729088,HD023205,mot,3205,2025-10-06,SoU,3205,2025/26,Hänvisad,av Ann-Sofie Lifvenhage (M),Enskild motion,1434,Det ekonomiska ansvaret för LSS,UNDERTECKNARE,0838085832923,Ann-Sofie Lifvenhage,M,1
1571659,H002Ju222,mot,Ju222,2012-09-25,JuU,222,2012/13,Ank T,av Lena Olsson m.fl. (V),Kommittémotion,V588,Vapen,UNDERTECKNARE,0415959965211,Mia Sydow Mölleby,V,7
1748712,H102T511,mot,T511,2013-10-08,TU,511,2013/14,Ank T,av Anders Ygeman m.fl. (S),Kommittémotion,S9002,Motorcykel ,UNDERTECKNARE,0288805051019,Lars Johansson,S,3
2645376,H50232,mot,32,2017-09-14,SoU,32,2017/18,Klar,av Björn Söder och Sven-Olof Sällström (båda SD),Enskild motion,SD1,Gårdsförsäljning av alkoholhaltiga drycker,UNDERTECKNARE,0452755722723,Björn Söder,SD,1
885943,GS01KU29,bet,KU29,2006-03-15,KU,29,2004/05,"","","","",Riksdagens arbetsformer,,,,,
332001,GS02K461,mot,K461,2004-10-05,KU,461,2004/05,Trycklov,"av Alice Åström m.fl. (v, m, fp, kd, c, mp)",Flerpartimotion,-v441,Internationell och nationell utredning angående förfarande vid avvisningar,UNDERTECKNARE,0275724540919,Erik Ullenhag,L,3
2415777,H102MJ322,mot,MJ322,2013-12-03,MJU,322,2013/14,Ank T,av Ann-Charlotte Hammar Johnsson m.fl. (M),Enskild motion,M1760,Den skånska modernäringen,UNDERTECKNARE,0652944607906,Cristina Husmark Pehrsson,M,14
330787,GS02So24,mot,So24,2005-04-01,SoU,24,2004/05,Trycklov,av Annika Qarlsson m.fl. (c),Kommittémotion,c168,med anledning av framst. 2004/05:RRS19 Riksrevisionens styrelses framställning angående arbetet med att förverkliga FN:s barnkonvention i Sverige,UNDERTECKNARE,0962841101917,Annika Qarlsson,C,1
1484636,H9022058,mot,2058,2021-10-01,KrU,2058,2021/22,Klar,av Marléne Lund Kopparklint och Sten Bergheden (båda M),Enskild motion,2131,Skydda det rörliga kulturarvet,UNDERTECKNARE,0828721176319,Sten Bergheden,M,2
1881620,GT02U276,mot,U276,2005-10-04,UU,276,2005/06,Trycklov,"av Peter Eriksson m.fl. (mp, -)",Partimotion,mp901,Svälten i världen,UNDERTECKNARE,0708340640717,Åsa Domeij,MP,5
1848106,GU02U234,mot,U234,2006-11-01,UU,234,2006/07,Trycklov,av Gunilla Wahlén m.fl. (v),Kommittémotion,v351,Utarmat uran,UNDERTECKNARE,0449003924218,Kalle Larsson,V,4
882055,GY02T486,mot,T486,2010-10-27,TU,486,2010/11,Ank T,av Isak From och Maria Stenberg (S),Enskild motion,S45014,Fungerande omställning till ny teknik,UNDERTECKNARE,0747852417614,Maria Stenberg,S,2
2690722,H9021349,mot,1349,2021-09-30,NU,1349,2021/22,Klar,av Lotta Olsson (M),Enskild motion,2210,Beredskapslager av elstolpar och sliprar,UNDERTECKNARE,066769783310,Lotta Olsson,M,1
2263130,H002N399,mot,N399,2012-10-05,NU,399,2012/13,Ank T,av Lise Nordin m.fl. (MP),Kommittémotion,MP2913,Säkerhet vid svenska kärnkraftverk,UNDERTECKNARE,0641486384014,Jan Lindholm,MP,7
618290,GS02Sf4,mot,Sf4,2004-11-19,SfU,4,2004/05,Trycklov,av Lars Leijonborg m.fl. (fp),Partimotion,fp022,med anledning av prop. 2004/05:21 Drivkrafter för minskad sjukfrånvaro,UNDERTECKNARE,0333961113904,Marita Aronson,L,4
337770,GR02A300,mot,A300,2003-10-07,AU,300,2003/04,"",av Anne Ludvigsson m.fl. (s),Enskild motion,s3093,Kvinnors arbetsmiljö och hälsa,UNDERTECKNARE,0291542732518,Marie Nordén,S,5
2187268,HC023413,mot,3413,2025-04-29,FiU,3413,2024/25,Klar,av Nooshi Dadgostar m.fl. (V),Partimotion,058,med anledning av prop. 2024/25:100 2025 års ekonomiska vårproposition,UNDERTECKNARE,0939158389321,Samuel Gonzalez Westling,V,3
2131662,HD02674,mot,674,2025-10-01,CU,674,2025/26,Hänvisad,av Blåvitt Elofsson och Lars Mejern Larsson (båda S),Enskild motion,441,Införande av byggsubventioner för fler bostäder,UNDERTECKNARE,0427321850912,Lars Mejern Larsson,S,2
1687784,HD023596,mot,3596,2025-10-07,MJU,3596,2025/26,Hänvisad,av Elisabeth Thand Ringqvist m.fl. (C),Partimotion,"",En folkrörelse för klimatet,UNDERTECKNARE,0249730539015,Anders Karlsson,C,3
1570922,H9022541,mot,2541,2021-10-01,UbU,2541,2021/22,Klar,av Patrick Reslow m.fl. (SD),Kommittémotion,379,Forskning i världsklass – en satsning för framtiden,UNDERTECKNARE,0130640724922,Clara Aranda,SD,8
1475967,GT02So555,mot,So555,2005-10-04,SoU,555,2005/06,Trycklov,av Lars Ohly m.fl. (v),Partimotion,v403,Handikappolitik,UNDERTECKNARE,0928223863802,Berit Jóhannesson,V,4
1837606,HC022506,mot,2506,2024-10-03,SoU,2506,2024/25,Klar,av Ingela Nylund Watz m.fl. (S),Enskild motion,69,Hälso- och sjukvårdens måluppfyllelse,UNDERTECKNARE,0613297818326,Mathias Tegnér,S,2
1669790,HD023162,mot,3162,2025-10-06,UU,3162,2025/26,Klar,av Nooshi Dadgostar m.fl. (V),Partimotion,330,Utgiftsområde 7 Internationellt bistånd,UNDERTECKNARE,0920901966627,Tony Haddou,V,4
2710711,GZ02Ub495,mot,Ub495,2011-10-05,UbU,495,2011/12,Ank T,av Jabar Amin m.fl. (MP),Kommittémotion,MP1106,Olika student- och högskolefrågor,UNDERTECKNARE,0919433006307,Agneta Luttropp,MP,6
570915,GP02So372,mot,So372,2001-10-05,SoU,372,2001/02,"",av Chris Heister m.fl. (m),Kommittémotion,m151,Hiv/aids,UNDERTECKNARE,027112189005,Leif Carlson,M,2
1443505,GW02N426,mot,N426,2008-10-07,NU,426,2008/09,Ank T,av Göran Persson i Simrishamn m.fl. (s),Enskild motion,s25051,Besöksnäringens betydelse för Skåne och Sverige ,UNDERTECKNARE,0473783431010,Morgan Johansson,S,13
382559,GQ02A365,mot,A365,2002-10-23,AU,365,2002/03,"",av Gudrun Schyman m.fl. (v),Partimotion,v481,Kvinnors arbetsmarknad,UNDERTECKNARE,0792716417210,Lars Bäckström,V,2
1335002,GZ02MJ232,mot,MJ232,2011-09-30,MJU,232,2011/12,Ank T,av Eva Sonidsson och Ingemar Nilsson (S),Enskild motion,S2016,Fiske i statens vatten,UNDERTECKNARE,0565167965311,Eva Sonidsson,S,1
125892,GR02T406,mot,T406,2003-10-07,TU,406,2003/04,"",av Lena Ek och Birgitta Sellén (c),Enskild motion,c612,Utbyggnad av det statliga vägnätet vid TEN-hamnar,UNDERTECKNARE,0185503778507,Birgitta Sellén,C,2
182739,GP02Ub311,mot,Ub311,2001-10-05,UbU,311,2001/02,"",av Anne-Katrine Dunker och Anita Sidén (m),Enskild motion,m1418,CSN ,UNDERTECKNARE,0393171737407,Anita Sidén,M,2
1580108,GT02Ub569,mot,Ub569,2005-10-05,UbU,569,2005/06,Trycklov,av Sinikka Bohlin m.fl. (s),Enskild motion,s48013,Utökat samarbete mellan högskolor och universitet,UNDERTECKNARE,0395292877305,Per-Olof Svensson,S,4
1583580,GX02Sf306,mot,Sf306,2009-10-02,SfU,306,2009/10,Ank T,av Michael Anefur (kd),Enskild motion,kd595,Utseende av offentligt biträde i utlänningsärenden,UNDERTECKNARE,0892978334516,Michael Anefur,KD,1
2298355,H4023428,mot,3428,2016-10-05,FiU,3428,2016/17,Klar,av Mats Persson m.fl. (L),Kommittémotion,L,Utgiftsområde 2 Samhällsekonomi och finansförvaltning,UNDERTECKNARE,0414687558527,Maria Weimer,L,5
2768032,HB021657,mot,1657,2023-10-04,SkU,1657,2023/24,Klar,av Per Söderlund m.fl. (SD),Kommittémotion,SD135,Mervärdesskatt,UNDERTECKNARE,010643534813,Eric Westroth,SD,2
844637,GT02K261,mot,K261,2005-09-27,KU,261,2005/06,Trycklov,av Sverker Thorén (fp),Enskild motion,fp379,Offentliga dokument i öppna dataformat,UNDERTECKNARE,0316177736318,Sverker Thorén,L,1
1449572,GV02N4,mot,N4,2007-11-07,NU,4,2007/08,Ank T,av Thomas Östros m.fl. (s),Kommittémotion,s81009,med anledning av skr. 2007/08:23 Sveriges handlingsprogram för tillväxt och sysselsättning – Uppföljningsrapport 2007,UNDERTECKNARE,0552248175312,Berit Högman,S,8
1366827,H502341,mot,341,2017-09-27,FöU,341,2017/18,Klar,av Hans Wallmark m.fl. (M),Kommittémotion,M,med anledning av skr. 2016/17:213 Nationell strategi för samhällets informations- och cybersäkerhet,UNDERTECKNARE,0600784831409,Dag Klackenberg,M,5
2173668,HD02648,mot,648,2025-10-01,TU,648,2025/26,Hänvisad,av Lena Johansson m.fl. (S),Enskild motion,273,"Tågstopp i Finnslätten, Västerås, Västmanland",UNDERTECKNARE,0296384583518,Åsa Eriksson,S,3
2566224,GW02Sf352,mot,Sf352,2008-10-07,SfU,352,2008/09,Ank T,av Cecilia Magnusson och Finn Bengtsson (m),Enskild motion,m1351,Delat barnbidrag vid växelvis boende,UNDERTECKNARE,0522460069116,Cecilia Magnusson,M,1
212648,GP01UU7,bet,UU7,2006-03-15,UU,7,2001/02,"","","","",Verksamheten inom Europarådet,,,,,
1313309,GY02Fi10,mot,Fi10,2011-05-03,FiU,10,2010/11,Ank T,av Lars Ohly m.fl. (V),Partimotion,V29,med anledning av prop. 2010/11:100 2011 års ekonomiska vårproposition,UNDERTECKNARE,0901257862125,Hans Linde,V,2
2336157,H402194,mot,194,2016-09-29,UbU,194,2016/17,Klar,av Margareta Cederfelt och Lars-Arne Staxäng (båda M),Enskild motion,M1298,Validering av migranters examina,UNDERTECKNARE,0718937995813,Lars-Arne Staxäng,M,2
2442869,HB022699,mot,2699,2023-10-05,UU,2699,2023/24,Klar,av Janine Alm Ericson m.fl. (MP),Enskild motion,MP1207,En grön feministisk utvecklings- och biståndspolitik,UNDERTECKNARE,0604604418610,Jacob Risberg,MP,2
1999318,H5024066,mot,4066,2018-04-04,SoU,4066,2017/18,Klar,"av Emma Henriksson m.fl. (KD, C, M)",Kommittémotion,-,med anledning av prop. 2017/18:157 Kvalitet och säkerhet på apoteksmarknaden,UNDERTECKNARE,0788526088220,Emma Henriksson,KD,1
686779,GO02Ub506,mot,Ub506,2000-10-05,UbU,506,2000/01,"",av Anita Sidén och Cristina Husmark Pehrsson (m),Enskild motion,m712,Studenters rätt att överklaga betyg,UNDERTECKNARE,0652944607906,Cristina Husmark Pehrsson,M,2
657741,GY02C366,mot,C366,2010-10-27,CU,366,2010/11,Ank T,av Johnny Munkhammar (M),Enskild motion,M1887,Avreglerad andrahandsuthyrning,UNDERTECKNARE,019625586527,Johnny Munkhammar,M,1
1433532,H002Sf15,mot,Sf15,2013-06-18,SfU,15,2012/13,Ank T,av Tomas Eneroth m.fl. (S),Kommittémotion,S34004,med anledning av prop. 2012/13:162 Kommunalt mottagande av ensamkommande barn,UNDERTECKNARE,0911916463828,Fredrik Lundh Sammeli,S,2
109232,GO02MJ216,mot,MJ216,2000-10-05,MJU,216,2000/01,"",av Lars Hjertén och Lars Elinderson (m),Enskild motion,m338,Jordbruksnäringen,UNDERTECKNARE,0888530335200,Lars Hjertén,M,1
866021,GP02Sk457,mot,Sk457,2001-10-05,SkU,457,2001/02,"",av Per Rosengren m.fl. (v),Kommittémotion,v514,Fastighetstaxering och avskrivning av byggnadsinventarier,UNDERTECKNARE,0111536149811,Owe Hellberg,V,3
1469264,GX02So219,mot,So219,2009-09-24,SoU,219,2009/10,Ank T,av Thomas Nihlén m.fl. (mp),Kommittémotion,mp805,Kommission för läkemedelssäkerhet,UNDERTECKNARE,0637028706011,Bodil Ceballos,MP,4
2270360,H401SoU11,bet,SoU11,2016-11-14,SoU,11,2016/17,Webbpublicering,"",bet,"",Trygg och säker vård för barn och unga som vårdas utanför det egna hemmet,,,,,
815447,GP02Kr205,mot,Kr205,2001-10-05,KrU,205,2001/02,"",av Bo Lundgren m.fl. (m),Partimotion,m15,Kulturpolitiken,UNDERTECKNARE,0584386800218,Gunnar Hökmark,M,5
2362746,HB022455,mot,2455,2023-10-05,TU,2455,2023/24,Klar,av Niels Paarup-Petersen m.fl. (C),Kommittémotion,C,Digitalisering för hela Sverige,UNDERTECKNARE,0364687971222,Alireza Akhondi,C,6
2482938,GW02Ub8,mot,Ub8,2008-11-18,UbU,8,2008/09,Ank T,av Maria Wetterstrand m.fl. (mp),Partimotion,mp19,med anledning av prop. 2008/09:50 Ett lyft för forskning och innovation,UNDERTECKNARE,0641486384014,Jan Lindholm,MP,14
2298954,GX02C479,mot,C479,2009-10-06,CU,479,2009/10,Ank T,av Birgitta Eriksson m.fl. (s),Enskild motion,s34020,Kooperativ hyresrätt,UNDERTECKNARE,0958776965517,Lennart Axelsson,S,14
2383354,H5022487,mot,2487,2017-10-04,FiU,2487,2017/18,Klar,av Oscar Sjöstedt m.fl. (SD),Partimotion,SD,Budgetpropositionen för 2018,UNDERTECKNARE,055257333723,Oscar Sjöstedt,SD,1
338227,GR02L299,mot,L299,2003-10-07,LU,299,2003/04,"",av Yvonne Andersson m.fl. (kd),Kommittémotion,kd455,Adoptionslagstiftningen,UNDERTECKNARE,0223175563813,Yvonne Andersson,KD,1
1776321,GZ02So492,mot,So492,2011-10-05,SoU,492,2011/12,Ank T,av Eva Olofsson m.fl. (V),Kommittémotion,V503,Apoteket,UNDERTECKNARE,0188653245302,Bengt Berg,V,2
1582470,H9022476,mot,2476,2021-10-01,KrU,2476,2021/22,Klar,av Aron Emilsson m.fl. (SD),Kommittémotion,37,Museifrågor,UNDERTECKNARE,0861521539920,Aron Emilsson,SD,1
911237,GP01JUU11,bet,JUU11,2006-03-15,JUU,11,2001/02,"","","","",Våldsbrott och brottsoffer,,,,,
486563,GR02N341,mot,N341,2003-10-07,NU,341,2003/04,"",av Marietta de Pourbaix-Lundin m.fl. (m),Enskild motion,m1527,Stockholmsregionen,UNDERTECKNARE,08644719105,Anna Lilliehöök,M,14
1340062,GV02Ub448,mot,Ub448,2007-10-05,UbU,448,2007/08,Ank T,av Birgitta Ohlsson (fp),Enskild motion,fp1430,Jämställdhetsplaner i förskolan,UNDERTECKNARE,0404025497421,Birgitta Ohlsson,L,1
2471875,HD0257,mot,57,2025-09-15,KU,57,2025/26,Granskad,av Jessica Wetterling m.fl. (V),Kommittémotion,"",med anledning av prop. 2024/25:155 Stärkt konstitutionell beredskap,UNDERTECKNARE,0682989845822,Håkan Svenneling,V,8
1476728,GX02N382,mot,N382,2009-10-05,NU,382,2009/10,Ank T,av Marie Weibull Kornias m.fl. (m),Enskild motion,m1905,Skåne som pilotlän för biogas,UNDERTECKNARE,039655712615,Margareta Pålsson,M,10
1868100,H101TU5,bet,TU5,2013-10-28,TU,5,2013/14,"","",utl,"",Subsidiarietsprövning av kommissionens förslag till förordning om åtgärder för att fullborda den europeiska inre marknaden för elektronisk kommunikation ,,,,,
2617271,HD021284,mot,1284,2025-10-02,AU,1284,2025/26,Hänvisad,av Josefin Malmqvist (M),Enskild motion,1668,Reformering av samhällsorienteringen,UNDERTECKNARE,019430605328,Josefin Malmqvist,M,1
2208285,HD02213,mot,213,2025-09-24,KU,213,2025/26,Klar,av Michael Rubbestad m.fl. (SD),Kommittémotion,"",med anledning av prop. 2024/25:197 Kompletterande bestämmelser till EU:s mediefrihetsförordning,UNDERTECKNARE,0254021157518,Lars Andersson,SD,3
2636142,H50315,prop,15,2017-09-14,Näringsdepartementet,15,2017/18,Klar,"",prop,"",Ändringar i konkurrenslagen,,014744660015,Mikael Damberg,S,2
1778563,GW02Fi13,mot,Fi13,2009-01-14,FiU,13,2008/09,Ank T,"av Thomas Östros m.fl. (s, v, mp)",Flerpartimotion,-s33013,med anledning av redog. 2008/09:RRS12 Riksrevisionens styrelses redogörelse angående Avveckling av myndigheter,UNDERTECKNARE,0628190530410,Ulla Andersson,V,9
1778077,H2021336,mot,1336,2014-11-07,MJU,1336,2014/15,Klar,av Margareta B Kjellin och Tomas Tobé (M),Enskild motion,M1605,En översyn av skyddsjakten och licensjakten på varg,UNDERTECKNARE,069436402021,Tomas Tobé,M,2
1732947,GV02Ju403,mot,Ju403,2007-10-08,JuU,403,2007/08,Ank T,av Börje Vestlund m.fl. (s),Enskild motion,s12043,Transpersoner och hetslagstiftningen,UNDERTECKNARE,048970816012,Eva-Lena Jansson,S,9
2644865,GZ02Ub433,mot,Ub433,2011-10-05,UbU,433,2011/12,Ank T,av Gunnar Andrén och Anna SteeleKarlström (FP),Enskild motion,FP1267,Södertälje som centrum för forskningstillväxt och industriell utveckling m.m.,UNDERTECKNARE,0526693079901,Gunnar Andrén,L,1
